design,baseline,percent,mean_overlap,min_text_overlap,max_text_overlap,texts
dlzs_snap_k,float,5,0.8738600928027297,0.8703078078078078,0.8770833333333332,4
dlzs_snap_k,float,10,0.8939064338607718,0.890671921921922,0.8975970017636684,4
dlzs_snap_k,float,15,0.9009786975326359,0.8985539923039924,0.9028123702781237,4
dlzs_snap_k,float,20,0.9073205201311945,0.9059059059059058,0.9084855403348554,4
dlzs_snap_k,float,25,0.9133846987868277,0.9112928718191875,0.9163962989665946,4
dlzs_snap_k,float,30,0.9202528459363813,0.9187638725682201,0.9215355610903555,4
dlzs_snap_k,float,35,0.9253594826630406,0.922874797874798,0.9277016742770168,4
dlzs_snap_k,float,40,0.9311835748185328,0.9301864364364365,0.9331050228310502,4
dlzs_snap_k,float,45,0.9366777422443584,0.9354133545310014,0.938183201881832,4
dlzs_snap_k,float,50,0.9418382174614434,0.9405537294050809,0.9438942367024558,4
dlzs_snap_k,quantized_exact,5,0.8738364711502553,0.8702608858858858,0.8770833333333332,4
dlzs_snap_k,quantized_exact,10,0.8939064338607718,0.890671921921922,0.8975970017636684,4
dlzs_snap_k,quantized_exact,15,0.9009736430006121,0.8985539923039924,0.9027950740279509,4
dlzs_snap_k,quantized_exact,20,0.9073282015497215,0.9059059059059058,0.9084855403348554,4
dlzs_snap_k,quantized_exact,25,0.9133912442058663,0.9112731152204836,0.9164163262036369,4
dlzs_snap_k,quantized_exact,30,0.9202539855434992,0.9187557122339728,0.9215355610903555,4
dlzs_snap_k,quantized_exact,35,0.9253564099347489,0.9228820166320167,0.9276943566327129,4
dlzs_snap_k,quantized_exact,40,0.9311846811571036,0.9301801801801801,0.9331050228310502,4
dlzs_snap_k,quantized_exact,45,0.9366795711565366,0.9354188747571099,0.9381774364651077,4
dlzs_snap_k,quantized_exact,50,0.9418324098572319,0.9405486567648731,0.9438839524455963,4
dlzs_snap_q,float,5,0.9104928650519405,0.9092941400304415,0.9117063492063492,4
dlzs_snap_q,float,10,0.9189577616286378,0.916455518018018,0.9210207231040565,4
dlzs_snap_q,float,15,0.9237334966144897,0.9227030579770307,0.9246121121121121,4
dlzs_snap_q,float,20,0.9276826961141525,0.9270833333333334,0.9280656707127295,4
dlzs_snap_q,float,25,0.931616389994248,0.9305259206574996,0.9328186333413441,4
dlzs_snap_q,float,30,0.936181546331282,0.9360882621752187,0.9364443426943428,4
dlzs_snap_q,float,35,0.9403559064541751,0.9393335643335645,0.9419710806697109,4
dlzs_snap_q,float,40,0.9452024152921827,0.9443255755755757,0.9465816844241502,4
dlzs_snap_q,float,45,0.9496958856187218,0.9493197278911565,0.9499094959621274,4
dlzs_snap_q,float,50,0.9543603202699095,0.95362085058031,0.9551863507342959,4
dlzs_snap_q,quantized_exact,5,0.9105047562239343,0.909341704718417,0.9117063492063492,4
dlzs_snap_q,quantized_exact,10,0.9189637072146348,0.916455518018018,0.9210207231040565,4
dlzs_snap_q,quantized_exact,15,0.923746109908353,0.9227030579770307,0.9246903153153152,4
dlzs_snap_q,quantized_exact,20,0.9276855573274163,0.927094606782107,0.9280656707127295,4
dlzs_snap_q,quantized_exact,25,0.9316047243702427,0.9305061640587956,0.932808619722823,4
dlzs_snap_q,quantized_exact,30,0.9361767316278928,0.9360719415067239,0.936431623931624,4
dlzs_snap_q,quantized_exact,35,0.9403556141795774,0.9393335643335645,0.9419710806697109,4
dlzs_snap_q,quantized_exact,40,0.945199874338503,0.9443193193193193,0.9465816844241502,4
dlzs_snap_q,quantized_exact,45,0.9496936320309673,0.9493145743145743,0.9499051448064605,4
dlzs_snap_q,quantized_exact,50,0.954365886684274,0.95362085058031,0.9551914928627256,4
drum3,float,5,0.9150806638285234,0.9134589947089948,0.9171176046176046,4
drum3,float,10,0.9272089340790588,0.9256052927927928,0.9294900058788949,4
drum3,float,15,0.9319794645137112,0.930750962000962,0.9329424380794245,4
drum3,float,20,0.9361317724633599,0.935335497835498,0.9372272957889396,4
drum3,float,25,0.9402985734023088,0.9390805278963172,0.9415905631659055,4
drum3,float,30,0.944725884799031,0.9435223266745005,0.9454389788293898,4
drum3,float,35,0.9479715928060677,0.9460253522753523,0.9496619248331578,4
drum3,float,40,0.9526842882926646,0.9518330830830833,0.9534880771182142,4
drum3,float,45,0.9565784775775941,0.9559927574633456,0.9569496333194962,4
drum3,float,50,0.9598813027323715,0.9590333576820065,0.9611049405569952,4
drum3,quantized_exact,5,0.91508050313701,0.9134589947089948,0.9171176046176046,4
drum3,quantized_exact,10,0.9272148796650557,0.9256052927927928,0.9294900058788949,4
drum3,quantized_exact,15,0.9319904645247112,0.930750962000962,0.9329424380794245,4
drum3,quantized_exact,20,0.9361439838439864,0.9353242243867245,0.9372526636225267,4
drum3,quantized_exact,25,0.9403011106367314,0.9390706495969652,0.9416105904029478,4
drum3,quantized_exact,30,0.9447315155837714,0.9435223266745005,0.9454476269544764,4
drum3,quantized_exact,35,0.9479733974953725,0.9460325710325712,0.9496619248331578,4
drum3,quantized_exact,40,0.95268172591345,0.9518330830830833,0.9534817351598175,4
drum3,quantized_exact,45,0.9565759793674228,0.9559761967850204,0.9569553987362206,4
drum3,quantized_exact,50,0.9598863583600828,0.9590333576820065,0.9611152248138549,4
drum4,float,5,0.9546307020194007,0.9539226726726727,0.9565734398782344,4
drum4,float,10,0.9613636255272004,0.9601163663663664,0.9625587889476779,4
drum4,float,15,0.9626411056205577,0.9617742742742743,0.9634335571835572,4
drum4,float,20,0.9652533012276289,0.9649081854964208,0.9655758498224252,4
drum4,float,25,0.9676588576261238,0.9671176046176048,0.9687374829768485,4
drum4,float,30,0.9698855478849151,0.9697102665852668,0.9700947834509479,4
drum4,float,35,0.9719652697202165,0.9710672210672213,0.9731076571829997,4
drum4,float,40,0.9743118824666045,0.973998998998999,0.9745273109243696,4
drum4,float,45,0.9765456688142176,0.9761600018449335,0.9768997145641881,4
drum4,float,50,0.9783349811242645,0.9778883613343071,0.9788452836398042,4
drum4,quantized_exact,5,0.9546305413278872,0.9539592352092353,0.9565258751902588,4
drum4,quantized_exact,10,0.9613695711131974,0.9601163663663664,0.9625587889476779,4
drum4,quantized_exact,15,0.9626525195339409,0.9617899149149152,0.9634462759462762,4
drum4,quantized_exact,20,0.9652641964764245,0.9649276377217553,0.9656012176560123,4
drum4,quantized_exact,25,0.9676507710274704,0.9670815295815297,0.9687274693583272,4
drum4,quantized_exact,30,0.9698867326594024,0.9697166259666261,0.9700774872007748,4
drum4,quantized_exact,35,0.9719722209246088,0.9710888773388776,0.9731149748273036,4
drum4,quantized_exact,40,0.9743149225947553,0.973998998998999,0.9745273109243698,4
drum4,quantized_exact,45,0.9765363750680541,0.9761600018449335,0.9768997145641881,4
drum4,quantized_exact,50,0.9783345077209453,0.9778883613343071,0.9788401415113744,4
drum6,float,5,0.9880699502595907,0.9875090187590188,0.9885979729729729,4
drum6,float,10,0.9891700847305157,0.9886214339339339,0.9896384479717812,4
drum6,float,15,0.9897132005971903,0.9894179894179894,0.9900369119119118,4
drum6,float,20,0.9906203215281706,0.9904288419913421,0.9907601929660754,4
drum6,float,25,0.9910694397541331,0.9909909909909911,0.9911895313681028,4
drum6,float,30,0.9914674410723957,0.991248097412481,0.9915948557252905,4
drum6,float,35,0.9919545350493314,0.9917056479556479,0.9921847558833861,4
drum6,float,40,0.9928344450127701,0.9926744402550854,0.993042871638762,4
drum6,float,45,0.9932785379849259,0.9931560502989076,0.9933812488959547,4
drum6,float,50,0.99380224544853,0.9935240299823634,0.993968283351845,4
drum6,quantized_exact,5,0.9880697895680771,0.9875090187590188,0.9886448948948947,4
drum6,quantized_exact,10,0.9891700847305157,0.9886214339339339,0.9896384479717812,4
drum6,quantized_exact,15,0.9897246145105734,0.9894179894179894,0.9900525525525524,4
drum6,quantized_exact,20,0.9906406440124209,0.9904401154401155,0.9907796451914099,4
drum6,quantized_exact,25,0.9910714043689355,0.9909811126916392,0.9912052784076594,4
drum6,quantized_exact,30,0.9914590368427288,0.9912308011623081,0.9915785350567958,4
drum6,quantized_exact,35,0.9919635832176262,0.991734522984523,0.9921920735276899,4
drum6,quantized_exact,40,0.99283424758728,0.9926860773634968,0.9930492135971589,4
drum6,quantized_exact,45,0.9932836272040478,0.9931612038754898,0.9933646882176294,4
drum6,quantized_exact,50,0.993804127327756,0.9935279667422523,0.9939579990949853,4
exact_int16,float,5,0.9999763783475255,0.9999524353120243,1.0,4
exact_int16,float,10,0.999988108828006,0.9999524353120243,1.0,4
exact_int16,float,15,0.9999579260602377,0.9999217967967967,0.9999745624745624,4
exact_int16,float,20,0.9999615282788505,0.9999374374374373,0.9999805477746655,4
exact_int16,float,25,0.9999659679228358,0.9999549062049063,0.9999799727629575,4
exact_int16,float,30,0.9999701789504126,0.9999481112494811,0.9999924843674842,4
exact_int16,float,35,0.9999837702273013,0.999971124971125,0.9999933194377638,4
exact_int16,float,40,0.9999751989618139,0.9999562062062061,0.9999873160832065,4
exact_int16,float,45,0.9999720197780771,0.9999639249639247,0.9999834393216744,4
exact_int16,float,50,0.9999752581747263,0.9999645691609977,0.9999847820793768,4
exact_int16,quantized_exact,5,1.0,1.0,1.0,4
exact_int16,quantized_exact,10,1.0,1.0,1.0,4
exact_int16,quantized_exact,15,1.0,1.0,1.0,4
exact_int16,quantized_exact,20,1.0,1.0,1.0,4
exact_int16,quantized_exact,25,1.0,1.0,1.0,4
exact_int16,quantized_exact,30,1.0,1.0,1.0,4
exact_int16,quantized_exact,35,1.0,1.0,1.0,4
exact_int16,quantized_exact,40,1.0,1.0,1.0,4
exact_int16,quantized_exact,45,1.0,1.0,1.0,4
exact_int16,quantized_exact,50,1.0,1.0,1.0,4
mitchell,float,5,0.9800664286751615,0.9793921356421357,0.9810435435435435,4
mitchell,float,10,0.982634547860599,0.9816300675675677,0.9835942092886536,4
mitchell,float,15,0.9830487451955774,0.9821729196729199,0.9835292022792024,4
mitchell,float,20,0.9842361077655196,0.9834709709709711,0.9846813725490198,4
mitchell,float,25,0.9853299802298477,0.9849300831443689,0.985627074442864,4
mitchell,float,30,0.9863405706145991,0.9858603154836033,0.9866198616198617,4
mitchell,float,35,0.9873250070928915,0.9870196675752231,0.9875771604938274,4
mitchell,float,40,0.9882689190126529,0.988038038038038,0.9887810755961441,4
mitchell,float,45,0.9893447383489787,0.9891494857248282,0.9896567717996292,4
mitchell,float,50,0.9901102945609583,0.9899460271081892,0.9905333415607388,4
mitchell,quantized_exact,5,0.9800662679836483,0.9793921356421357,0.9810904654654655,4
mitchell,quantized_exact,10,0.982634547860599,0.9816300675675677,0.9835942092886536,4
mitchell,quantized_exact,15,0.9830600067650581,0.9821879509379511,0.983541921041921,4
mitchell,quantized_exact,20,0.9842409817105754,0.9835085085085087,0.9846619203236853,4
mitchell,quantized_exact,25,0.9853413595440431,0.9849458301839255,0.9856468310415679,4
mitchell,quantized_exact,30,0.9863386917064703,0.9858603154836033,0.9866198616198617,4
mitchell,quantized_exact,35,0.9873264947858271,0.9870129870129871,0.9875826719576722,4
mitchell,quantized_exact,40,0.9882661177589702,0.988038038038038,0.9887747336377473,4
mitchell,quantized_exact,45,0.9893478829602236,0.9891667819750012,0.9896619253762111,4
mitchell,quantized_exact,50,0.990110337341191,0.9899460271081892,0.9905281994323089,4
