layer,design,baseline,percent,mean_overlap,min_overlap,max_overlap,groups,query_rows,boundary_tie_rows
0,dlzs_comp_k,float,5,0.9187000136004724,0.2,0.982716049382716,1200,111240,0
0,dlzs_comp_k,float,10,0.9322710646304051,0.5555555555555556,0.9728260869565218,1200,111240,0
0,dlzs_comp_k,float,15,0.9416030844156908,0.5384615384615384,0.9731663685152051,1200,111240,1
0,dlzs_comp_k,float,20,0.947786117161736,0.6666666666666666,0.9666666666666677,1200,111240,0
0,dlzs_comp_k,float,25,0.953388877971751,0.7142857142857143,0.9711879432624108,1200,111240,0
0,dlzs_comp_k,float,30,0.958392197164571,0.75,0.9733031674208145,1200,111240,0
0,dlzs_comp_k,float,35,0.963113593577494,0.7878787878787878,0.976865428478331,1200,111240,0
0,dlzs_comp_k,float,40,0.967243682526301,0.8055555555555556,0.9817499999999997,1200,111240,0
0,dlzs_comp_k,float,45,0.9708666114826385,0.8095238095238095,0.9836956521739133,1200,111240,0
0,dlzs_comp_k,float,50,0.9736525435538126,0.8222222222222222,0.9854397204426324,1200,111240,1
0,dlzs_comp_k,quantized_exact,5,0.9187116548558216,0.2,0.982716049382716,1200,111240,0
0,dlzs_comp_k,quantized_exact,10,0.9322752977253643,0.5555555555555556,0.9728260869565218,1200,111240,0
0,dlzs_comp_k,quantized_exact,15,0.9416067762953058,0.5384615384615384,0.9731663685152051,1200,111240,1
0,dlzs_comp_k,quantized_exact,20,0.9477848261138788,0.6666666666666666,0.9666666666666677,1200,111240,0
0,dlzs_comp_k,quantized_exact,25,0.9533918632421458,0.7142857142857143,0.9707446808510632,1200,111240,0
0,dlzs_comp_k,quantized_exact,30,0.9583917038495506,0.75,0.9733031674208145,1200,111240,0
0,dlzs_comp_k,quantized_exact,35,0.963113271890446,0.7878787878787878,0.976865428478331,1200,111240,0
0,dlzs_comp_k,quantized_exact,40,0.9672432480797665,0.8055555555555556,0.9817499999999997,1200,111240,0
0,dlzs_comp_k,quantized_exact,45,0.9708668376010996,0.8095238095238095,0.9836956521739133,1200,111240,0
0,dlzs_comp_k,quantized_exact,50,0.9736506168113213,0.8222222222222222,0.9854397204426324,1200,111240,1
0,dlzs_comp_q,float,5,0.9378092319025916,0.3333333333333333,0.9886363636363634,1200,111240,0
0,dlzs_comp_q,float,10,0.9436064187852407,0.5555555555555556,0.979166666666667,1200,111240,0
0,dlzs_comp_q,float,15,0.9490203243982792,0.6,0.9758497316636845,1200,111240,0
0,dlzs_comp_q,float,20,0.9529758560585285,0.65,0.9712858926342066,1200,111240,0
0,dlzs_comp_q,float,25,0.9574700127217735,0.7083333333333334,0.9735349716446132,1200,111240,0
0,dlzs_comp_q,float,30,0.9615889543014478,0.7407407407407407,0.9761555392516515,1200,111240,0
0,dlzs_comp_q,float,35,0.9654896253759108,0.7714285714285715,0.979249011857707,1200,111240,0
0,dlzs_comp_q,float,40,0.9691337519851311,0.775,0.983024691358025,1200,111240,0
0,dlzs_comp_q,float,45,0.9722811454358047,0.7857142857142857,0.9853219696969698,1200,111240,3
0,dlzs_comp_q,float,50,0.975176244176187,0.782608695652174,0.9878117913832197,1200,111240,0
0,dlzs_comp_q,quantized_exact,5,0.9378158172815801,0.3333333333333333,0.9886363636363634,1200,111240,0
0,dlzs_comp_q,quantized_exact,10,0.9436034745595006,0.5555555555555556,0.979166666666667,1200,111240,0
0,dlzs_comp_q,quantized_exact,15,0.9490231953243874,0.6,0.9758497316636845,1200,111240,0
0,dlzs_comp_q,quantized_exact,20,0.9529734282647079,0.65,0.9712858926342066,1200,111240,0
0,dlzs_comp_q,quantized_exact,25,0.9574672470122234,0.7083333333333334,0.9735349716446132,1200,111240,0
0,dlzs_comp_q,quantized_exact,30,0.961590524568,0.7407407407407407,0.9761555392516515,1200,111240,0
0,dlzs_comp_q,quantized_exact,35,0.9654914741854412,0.7714285714285715,0.979249011857707,1200,111240,0
0,dlzs_comp_q,quantized_exact,40,0.9691324754576249,0.775,0.983024691358025,1200,111240,0
0,dlzs_comp_q,quantized_exact,45,0.9722814540881038,0.7857142857142857,0.9853219696969698,1200,111240,3
0,dlzs_comp_q,quantized_exact,50,0.9751756607643715,0.782608695652174,0.9878117913832197,1200,111240,0
0,dlzs_snap_k,float,5,0.8555676123783489,0.16666666666666666,0.9399999999999995,1200,111240,0
0,dlzs_snap_k,float,10,0.8786945027916058,0.4,0.9432098765432091,1200,111240,0
0,dlzs_snap_k,float,15,0.8944725829942836,0.42857142857142855,0.9444444444444449,1200,111240,0
0,dlzs_snap_k,float,20,0.9051477100568978,0.5,0.9368421052631568,1200,111240,0
0,dlzs_snap_k,float,25,0.9152429256214657,0.5416666666666666,0.9371455576559551,1200,111240,1
0,dlzs_snap_k,float,30,0.9245684444840223,0.5862068965517241,0.9479166666666665,1200,111240,0
0,dlzs_snap_k,float,35,0.9326987470191261,0.6764705882352942,0.9566563467492246,1200,111240,0
0,dlzs_snap_k,float,40,0.9399498009608889,0.7105263157894737,0.9667040778151882,1200,111240,0
0,dlzs_snap_k,float,45,0.9465530454571272,0.7368421052631579,0.9675662878787884,1200,111240,0
0,dlzs_snap_k,float,50,0.9519321960243242,0.7647058823529411,0.9737346101231198,1200,111240,0
0,dlzs_snap_k,quantized_exact,5,0.8555694875044499,0.16666666666666666,0.9399999999999995,1200,111240,0
0,dlzs_snap_k,quantized_exact,10,0.8786983286210731,0.4,0.9432098765432091,1200,111240,0
0,dlzs_snap_k,quantized_exact,15,0.8944702173102071,0.42857142857142855,0.9444444444444449,1200,111240,0
0,dlzs_snap_k,quantized_exact,20,0.9051458918759596,0.5,0.9368421052631568,1200,111240,0
0,dlzs_snap_k,quantized_exact,25,0.9152411118410078,0.5416666666666666,0.9374999999999992,1200,111240,1
0,dlzs_snap_k,quantized_exact,30,0.9245668862431432,0.5862068965517241,0.9479166666666665,1200,111240,0
0,dlzs_snap_k,quantized_exact,35,0.9326997704576427,0.6764705882352942,0.9566563467492246,1200,111240,0
0,dlzs_snap_k,quantized_exact,40,0.9399522381758465,0.7105263157894737,0.9667040778151882,1200,111240,0
0,dlzs_snap_k,quantized_exact,45,0.9465547889080373,0.7368421052631579,0.9675662878787884,1200,111240,0
0,dlzs_snap_k,quantized_exact,50,0.9519315514892617,0.7647058823529411,0.9737346101231198,1200,111240,0
0,dlzs_snap_q,float,5,0.8870272952613634,0.2,0.9651162790697672,1200,111240,0
0,dlzs_snap_q,float,10,0.8978496552359332,0.3,0.9582417582417586,1200,111240,0
0,dlzs_snap_q,float,15,0.9077321587490272,0.4666666666666667,0.951388888888889,1200,111240,1
0,dlzs_snap_q,float,20,0.9153014885763493,0.47619047619047616,0.9405684754521956,1200,111240,0
0,dlzs_snap_q,float,25,0.9228128832057685,0.5217391304347826,0.9463768115942037,1200,111240,0
0,dlzs_snap_q,float,30,0.9300210047137139,0.5161290322580645,0.9553571428571428,1200,111240,0
0,dlzs_snap_q,float,35,0.9370390891252477,0.5454545454545454,0.9611111111111111,1200,111240,1
0,dlzs_snap_q,float,40,0.943378389810149,0.6341463414634146,0.9655172413793097,1200,111240,0
0,dlzs_snap_q,float,45,0.9495015773092287,0.6444444444444445,0.9732481060606065,1200,111240,0
0,dlzs_snap_q,float,50,0.9545962918811367,0.7,0.9748290013679891,1200,111240,0
0,dlzs_snap_q,quantized_exact,5,0.8870289551757257,0.2,0.9651162790697672,1200,111240,0
0,dlzs_snap_q,quantized_exact,10,0.8978526592705898,0.3,0.9582417582417586,1200,111240,0
0,dlzs_snap_q,quantized_exact,15,0.9077348248430795,0.4666666666666667,0.951388888888889,1200,111240,1
0,dlzs_snap_q,quantized_exact,20,0.9153027954378914,0.47619047619047616,0.9405684754521956,1200,111240,0
0,dlzs_snap_q,quantized_exact,25,0.9228143210750503,0.5217391304347826,0.9463768115942037,1200,111240,0
0,dlzs_snap_q,quantized_exact,30,0.9300192356485062,0.5161290322580645,0.9553571428571428,1200,111240,0
0,dlzs_snap_q,quantized_exact,35,0.93703757838312,0.5454545454545454,0.9611111111111111,1200,111240,1
0,dlzs_snap_q,quantized_exact,40,0.9433783568672838,0.6341463414634146,0.9651888341543507,1200,111240,0
0,dlzs_snap_q,quantized_exact,45,0.949505332417098,0.6444444444444445,0.9732481060606065,1200,111240,0
0,dlzs_snap_q,quantized_exact,50,0.9545959865573275,0.7,0.9748290013679891,1200,111240,0
0,drum3,float,5,0.8996142904651349,0.2,0.9679999999999996,1200,111240,0
0,drum3,float,10,0.9137676677230043,0.4444444444444444,0.963383838383838,1200,111240,1
0,drum3,float,15,0.9242284599325407,0.5333333333333333,0.9571929824561403,1200,111240,5
0,drum3,float,20,0.9316668590730162,0.5263157894736842,0.955500000000001,1200,111240,8
0,drum3,float,25,0.9383749066743432,0.5416666666666666,0.9577540106951866,1200,111240,6
0,drum3,float,30,0.9448929414762904,0.6666666666666666,0.9633886760323537,1200,111240,11
0,drum3,float,35,0.9505703634944833,0.7058823529411765,0.9702857142857134,1200,111240,12
0,drum3,float,40,0.9557769577834637,0.725,0.9762038073908169,1200,111240,7
0,drum3,float,45,0.9606717940961493,0.7555555555555555,0.9789299242424249,1200,111240,4
0,drum3,float,50,0.964815031162547,0.7777777777777778,0.9817708333333338,1200,111240,8
0,drum3,quantized_exact,5,0.8996126298046744,0.2,0.9679999999999996,1200,111240,0
0,drum3,quantized_exact,10,0.9137727171615232,0.4444444444444444,0.963383838383838,1200,111240,1
0,drum3,quantized_exact,15,0.924233473824811,0.5333333333333333,0.9571929824561403,1200,111240,5
0,drum3,quantized_exact,20,0.931668214167141,0.5263157894736842,0.955500000000001,1200,111240,8
0,drum3,quantized_exact,25,0.9383735432518688,0.5416666666666666,0.9577540106951866,1200,111240,6
0,drum3,quantized_exact,30,0.9448914740025578,0.6666666666666666,0.9633886760323537,1200,111240,11
0,drum3,quantized_exact,35,0.950569656914893,0.7058823529411765,0.9702857142857134,1200,111240,12
0,drum3,quantized_exact,40,0.9557745280560078,0.725,0.9762038073908169,1200,111240,7
0,drum3,quantized_exact,45,0.9606723064245178,0.7555555555555555,0.9789299242424249,1200,111240,4
0,drum3,quantized_exact,50,0.9648158981247674,0.7777777777777778,0.9817708333333338,1200,111240,8
0,drum4,float,5,0.9461125418923776,0.4,0.9886363636363636,1200,111240,0
0,drum4,float,10,0.95360607519156,0.6666666666666666,0.9848484848484845,1200,111240,1
0,drum4,float,15,0.9589858435755358,0.6875,0.9823348694316439,1200,111240,1
0,drum4,float,20,0.963020732251949,0.7222222222222222,0.9773627617430669,1200,111240,3
0,drum4,float,25,0.9668080567079029,0.7391304347826086,0.9800117577895346,1200,111240,7
0,drum4,float,30,0.9702386951704405,0.7857142857142857,0.9812686249467854,1200,111240,2
0,drum4,float,35,0.9734061385854637,0.8235294117647058,0.9846743295019161,1200,111240,3
0,drum4,float,40,0.9763541033230839,0.8235294117647058,0.9873737373737368,1200,111240,3
0,drum4,float,45,0.9788987556285474,0.8717948717948718,0.9891402714932125,1200,111240,8
0,drum4,float,50,0.9811417880843493,0.8695652173913043,0.990668402777778,1200,111240,2
0,drum4,quantized_exact,5,0.9461250431890482,0.4,0.9886363636363636,1200,111240,0
0,drum4,quantized_exact,10,0.9536142062524594,0.6666666666666666,0.9848484848484845,1200,111240,1
0,drum4,quantized_exact,15,0.9589981979556493,0.6875,0.9823348694316439,1200,111240,1
0,drum4,quantized_exact,20,0.9630162102658528,0.7222222222222222,0.9773627617430669,1200,111240,3
0,drum4,quantized_exact,25,0.9668057483052375,0.7391304347826086,0.9800117577895346,1200,111240,7
0,drum4,quantized_exact,30,0.9702388624315169,0.7857142857142857,0.9812686249467854,1200,111240,2
0,drum4,quantized_exact,35,0.9734075103780808,0.8235294117647058,0.9846743295019161,1200,111240,3
0,drum4,quantized_exact,40,0.9763528153857028,0.8235294117647058,0.9873737373737368,1200,111240,3
0,drum4,quantized_exact,45,0.9788965329133862,0.8717948717948718,0.9891402714932125,1200,111240,8
0,drum4,quantized_exact,50,0.9811427846920471,0.8695652173913043,0.990668402777778,1200,111240,2
0,drum6,float,5,0.9855848501463436,0.6,1.0,1200,111240,0
0,drum6,float,10,0.987140579907574,0.6666666666666666,0.9989898989898991,1200,111240,0
0,drum6,float,15,0.9886364063212667,0.7857142857142857,0.9975369458128079,1200,111240,0
0,drum6,float,20,0.9896481027752299,0.8235294117647058,0.9963541666666668,1200,111240,0
0,drum6,float,25,0.9905986299626791,0.8695652173913043,0.9980888676540851,1200,111240,0
0,drum6,float,30,0.9916440642366274,0.88,0.9968694096601074,1200,111240,0
0,drum6,float,35,0.9924626635676445,0.8857142857142857,0.996700879765396,1200,111240,0
0,drum6,float,40,0.9932029813131494,0.9166666666666666,0.9981294425738869,1200,111240,1
0,drum6,float,45,0.9940247592864928,0.925,0.997929606625259,1200,111240,1
0,drum6,float,50,0.9946038345666219,0.9318181818181818,0.9986979166666666,1200,111240,0
0,drum6,quantized_exact,5,0.9855778770649571,0.6,1.0,1200,111240,0
0,drum6,quantized_exact,10,0.9871405611440441,0.6666666666666666,0.9989898989898991,1200,111240,0
0,drum6,quantized_exact,15,0.9886345868073873,0.7857142857142857,0.9975369458128079,1200,111240,0
0,drum6,quantized_exact,20,0.9896491687648561,0.8235294117647058,0.9963541666666668,1200,111240,0
0,drum6,quantized_exact,25,0.9905976798291309,0.8695652173913043,0.9980888676540851,1200,111240,0
0,drum6,quantized_exact,30,0.9916459621367756,0.88,0.9968694096601074,1200,111240,0
0,drum6,quantized_exact,35,0.992462031057992,0.8857142857142857,0.996700879765396,1200,111240,0
0,drum6,quantized_exact,40,0.9932055325919555,0.9166666666666666,0.9981294425738869,1200,111240,1
0,drum6,quantized_exact,45,0.9940242102907172,0.925,0.997929606625259,1200,111240,1
0,drum6,quantized_exact,50,0.9945993250985116,0.9318181818181818,0.9986979166666666,1200,111240,0
0,exact_int16,float,5,0.9999509004342811,0.8,1.0,1200,111240,0
0,exact_int16,float,10,0.9999582972199713,0.8888888888888888,1.0,1200,111240,0
0,exact_int16,float,15,0.9999614559311814,0.9230769230769231,1.0,1200,111240,0
0,exact_int16,float,20,0.9999553456497758,0.9411764705882353,1.0,1200,111240,0
0,exact_int16,float,25,0.9999681470756477,0.9523809523809523,1.0,1200,111240,0
0,exact_int16,float,30,0.9999689069239818,0.96,1.0,1200,111240,0
0,exact_int16,float,35,0.9999673491995388,0.9655172413793104,1.0,1200,111240,0
0,exact_int16,float,40,0.9999716825693554,0.9696969696969697,1.0,1200,111240,0
0,exact_int16,float,45,0.9999769578057353,0.972972972972973,1.0,1200,111240,0
0,exact_int16,float,50,0.9999805989108091,0.975609756097561,1.0,1200,111240,0
0,exact_int16,quantized_exact,5,1.0,1.0,1.0,1200,111240,0
0,exact_int16,quantized_exact,10,1.0,1.0,1.0,1200,111240,0
0,exact_int16,quantized_exact,15,1.0,1.0,1.0,1200,111240,0
0,exact_int16,quantized_exact,20,1.0,1.0,1.0,1200,111240,0
0,exact_int16,quantized_exact,25,1.0,1.0,1.0,1200,111240,0
0,exact_int16,quantized_exact,30,1.0,1.0,1.0,1200,111240,0
0,exact_int16,quantized_exact,35,1.0,1.0,1.0,1200,111240,0
0,exact_int16,quantized_exact,40,1.0,1.0,1.0,1200,111240,0
0,exact_int16,quantized_exact,45,1.0,1.0,1.0,1200,111240,0
0,exact_int16,quantized_exact,50,1.0,1.0,1.0,1200,111240,0
0,mitchell,float,5,0.9761083698252977,0.6,0.9979166666666667,1200,111240,0
0,mitchell,float,10,0.9791938089294712,0.7,0.9960784313725489,1200,111240,0
0,mitchell,float,15,0.9818193246552905,0.6153846153846154,0.9938144329896907,1200,111240,0
0,mitchell,float,20,0.9835313935351732,0.7894736842105263,0.9931335830212232,1200,111240,0
0,mitchell,float,25,0.9851640840815433,0.84,0.9932851239669419,1200,111240,0
0,mitchell,float,30,0.9867387805468788,0.88,0.9931034482758625,1200,111240,0
0,mitchell,float,35,0.9880408259832779,0.8787878787878788,0.9949019607843138,1200,111240,1
0,mitchell,float,40,0.9894539396737214,0.8780487804878049,0.995896464646465,1200,111240,0
0,mitchell,float,45,0.9906438171947052,0.9024390243902439,0.9963744232036915,1200,111240,1
0,mitchell,float,50,0.9915318722296353,0.9130434782608695,0.9967540574282145,1200,111240,0
0,mitchell,quantized_exact,5,0.9760966828238198,0.6,0.9979166666666667,1200,111240,0
0,mitchell,quantized_exact,10,0.9791929794877144,0.7,0.9960784313725489,1200,111240,0
0,mitchell,quantized_exact,15,0.9818229390191504,0.6153846153846154,0.9938144329896907,1200,111240,0
0,mitchell,quantized_exact,20,0.983536058380824,0.7894736842105263,0.9931335830212232,1200,111240,0
0,mitchell,quantized_exact,25,0.9851598567285529,0.84,0.9932851239669419,1200,111240,0
0,mitchell,quantized_exact,30,0.9867356439370748,0.88,0.9931034482758625,1200,111240,0
0,mitchell,quantized_exact,35,0.9880393371426073,0.8787878787878788,0.9949019607843138,1200,111240,1
0,mitchell,quantized_exact,40,0.9894520003340852,0.8780487804878049,0.995896464646465,1200,111240,0
0,mitchell,quantized_exact,45,0.9906448463683039,0.9024390243902439,0.9963744232036915,1200,111240,1
0,mitchell,quantized_exact,50,0.991534710682849,0.9130434782608695,0.9967540574282145,1200,111240,0
1,dlzs_comp_k,float,5,0.9284848218344522,0.4,0.9699999999999998,1200,111240,0
1,dlzs_comp_k,float,10,0.9405140559952103,0.4444444444444444,0.9804347826086959,1200,111240,0
1,dlzs_comp_k,float,15,0.946372384242604,0.6666666666666666,0.977757182576459,1200,111240,0
1,dlzs_comp_k,float,20,0.9503298974441479,0.7058823529411765,0.9746913580246908,1200,111240,0
1,dlzs_comp_k,float,25,0.9539193917824992,0.7272727272727273,0.9730443974630016,1200,111240,0
1,dlzs_comp_k,float,30,0.9580479497236614,0.7777777777777778,0.9752747252747256,1200,111240,0
1,dlzs_comp_k,float,35,0.9618192076229077,0.7941176470588235,0.9785714285714291,1200,111240,0
1,dlzs_comp_k,float,40,0.9653974340543815,0.8,0.9822820694542871,1200,111240,0
1,dlzs_comp_k,float,45,0.9686875609212332,0.8292682926829268,0.9847812301838931,1200,111240,0
1,dlzs_comp_k,float,50,0.9715482468230986,0.8260869565217391,0.9863119834710751,1200,111240,0
1,dlzs_comp_k,quantized_exact,5,0.9284917967660276,0.4,0.9699999999999998,1200,111240,0
1,dlzs_comp_k,quantized_exact,10,0.9405070406535253,0.4444444444444444,0.9804347826086959,1200,111240,0
1,dlzs_comp_k,quantized_exact,15,0.9463735216319862,0.6666666666666666,0.977757182576459,1200,111240,0
1,dlzs_comp_k,quantized_exact,20,0.9503322849082008,0.7058823529411765,0.9746913580246908,1200,111240,0
1,dlzs_comp_k,quantized_exact,25,0.9539196380773952,0.7272727272727273,0.9731958762886588,1200,111240,0
1,dlzs_comp_k,quantized_exact,30,0.9580441096099515,0.7777777777777778,0.9752747252747256,1200,111240,0
1,dlzs_comp_k,quantized_exact,35,0.9618203381110453,0.7941176470588235,0.9785714285714291,1200,111240,0
1,dlzs_comp_k,quantized_exact,40,0.9653981971254018,0.8,0.9822820694542871,1200,111240,0
1,dlzs_comp_k,quantized_exact,45,0.9686855191682302,0.8292682926829268,0.9847812301838931,1200,111240,0
1,dlzs_comp_k,quantized_exact,50,0.9715476423982679,0.8260869565217391,0.9863119834710751,1200,111240,0
1,dlzs_comp_q,float,5,0.9459902520608499,0.4,0.9816091954022987,1200,111240,0
1,dlzs_comp_q,float,10,0.9529820438282726,0.5555555555555556,0.9845360824742271,1200,111240,0
1,dlzs_comp_q,float,15,0.95587319550993,0.6428571428571429,0.9821428571428573,1200,111240,1
1,dlzs_comp_q,float,20,0.9581530615740392,0.7222222222222222,0.9770436730123175,1200,111240,0
1,dlzs_comp_q,float,25,0.9606859401379033,0.7272727272727273,0.9760625305324873,1200,111240,0
1,dlzs_comp_q,float,30,0.9639596975719557,0.7692307692307693,0.9787654320987651,1200,111240,0
1,dlzs_comp_q,float,35,0.9670650890189125,0.7837837837837838,0.9806576402321079,1200,111240,0
1,dlzs_comp_q,float,40,0.9701117204754818,0.8235294117647058,0.9842589842589844,1200,111240,1
1,dlzs_comp_q,float,45,0.97296605058346,0.825,0.9866477272727273,1200,111240,0
1,dlzs_comp_q,float,50,0.9754014779475794,0.8444444444444444,0.9882352941176472,1200,111240,0
1,dlzs_comp_q,quantized_exact,5,0.9459965109264048,0.4,0.9816091954022987,1200,111240,0
1,dlzs_comp_q,quantized_exact,10,0.9529808039429433,0.5555555555555556,0.9845360824742271,1200,111240,0
1,dlzs_comp_q,quantized_exact,15,0.9558786357242028,0.6428571428571429,0.9821428571428573,1200,111240,1
1,dlzs_comp_q,quantized_exact,20,0.9581512685776339,0.7222222222222222,0.9770436730123175,1200,111240,0
1,dlzs_comp_q,quantized_exact,25,0.9606878408221269,0.7272727272727273,0.9760625305324873,1200,111240,0
1,dlzs_comp_q,quantized_exact,30,0.9639591113259424,0.7692307692307693,0.9787654320987651,1200,111240,0
1,dlzs_comp_q,quantized_exact,35,0.9670643390222076,0.7837837837837838,0.9806576402321079,1200,111240,0
1,dlzs_comp_q,quantized_exact,40,0.9701131087002471,0.8235294117647058,0.9842589842589844,1200,111240,1
1,dlzs_comp_q,quantized_exact,45,0.9729664421600425,0.825,0.9866477272727273,1200,111240,0
1,dlzs_comp_q,quantized_exact,50,0.9754025049673503,0.8444444444444444,0.9882352941176472,1200,111240,0
1,dlzs_snap_k,float,5,0.8678238136921762,0.2,0.9363636363636357,1200,111240,0
1,dlzs_snap_k,float,10,0.8927677257946888,0.4444444444444444,0.9539295392953924,1200,111240,0
1,dlzs_snap_k,float,15,0.9031206769549601,0.5,0.9586038961038966,1200,111240,0
1,dlzs_snap_k,float,20,0.9103799726883509,0.5789473684210527,0.9450686641697869,1200,111240,0
1,dlzs_snap_k,float,25,0.9170388661226948,0.6086956521739131,0.9454545454545452,1200,111240,0
1,dlzs_snap_k,float,30,0.9238635093868026,0.6785714285714286,0.9545454545454537,1200,111240,0
1,dlzs_snap_k,float,35,0.9307823372202919,0.7333333333333333,0.9577205882352927,1200,111240,0
1,dlzs_snap_k,float,40,0.9370210938469263,0.7222222222222222,0.9648199445983372,1200,111240,0
1,dlzs_snap_k,float,45,0.9431103220203363,0.7631578947368421,0.9698898408812734,1200,111240,0
1,dlzs_snap_k,float,50,0.9482178729190422,0.7804878048780488,0.9724612736660925,1200,111240,0
1,dlzs_snap_k,quantized_exact,5,0.867810957705222,0.2,0.9363636363636357,1200,111240,0
1,dlzs_snap_k,quantized_exact,10,0.8927682654205749,0.4444444444444444,0.9539295392953924,1200,111240,0
1,dlzs_snap_k,quantized_exact,15,0.9031223463734587,0.5,0.9586038961038966,1200,111240,0
1,dlzs_snap_k,quantized_exact,20,0.9103793368903672,0.5789473684210527,0.9450686641697869,1200,111240,0
1,dlzs_snap_k,quantized_exact,25,0.9170351363503172,0.6086956521739131,0.9454545454545452,1200,111240,0
1,dlzs_snap_k,quantized_exact,30,0.9238671256368525,0.6785714285714286,0.9545454545454537,1200,111240,0
1,dlzs_snap_k,quantized_exact,35,0.9307865888324746,0.7333333333333333,0.9577205882352927,1200,111240,0
1,dlzs_snap_k,quantized_exact,40,0.9370193704256209,0.7222222222222222,0.9648199445983372,1200,111240,0
1,dlzs_snap_k,quantized_exact,45,0.9431085683987033,0.7631578947368421,0.9698898408812734,1200,111240,0
1,dlzs_snap_k,quantized_exact,50,0.9482179601339628,0.7804878048780488,0.9724612736660925,1200,111240,0
1,dlzs_snap_q,float,5,0.9013609289583112,0.2,0.9520833333333328,1200,111240,0
1,dlzs_snap_q,float,10,0.9141004011577643,0.3333333333333333,0.9635416666666673,1200,111240,1
1,dlzs_snap_q,float,15,0.9197438124170808,0.5333333333333333,0.9643527204502808,1200,111240,0
1,dlzs_snap_q,float,20,0.924355677619908,0.5789473684210527,0.9555555555555546,1200,111240,0
1,dlzs_snap_q,float,25,0.9289901951471927,0.5416666666666666,0.9555661729574781,1200,111240,0
1,dlzs_snap_q,float,30,0.9341864847855985,0.6,0.9614814814814813,1200,111240,0
1,dlzs_snap_q,float,35,0.9399172728943472,0.6470588235294118,0.9646291208791209,1200,111240,1
1,dlzs_snap_q,float,40,0.9451992730768417,0.725,0.971638655462184,1200,111240,0
1,dlzs_snap_q,float,45,0.9504182832137853,0.7441860465116279,0.9747876130446698,1200,111240,0
1,dlzs_snap_q,float,50,0.9550105688052518,0.7659574468085106,0.9775308641975295,1200,111240,1
1,dlzs_snap_q,quantized_exact,5,0.9013610105559625,0.2,0.9520833333333328,1200,111240,0
1,dlzs_snap_q,quantized_exact,10,0.9141101979985041,0.3333333333333333,0.9635416666666673,1200,111240,1
1,dlzs_snap_q,quantized_exact,15,0.9197466697409451,0.5333333333333333,0.9643527204502808,1200,111240,0
1,dlzs_snap_q,quantized_exact,20,0.9243577699145802,0.5789473684210527,0.9555555555555546,1200,111240,0
1,dlzs_snap_q,quantized_exact,25,0.9289877087739989,0.5416666666666666,0.9555661729574781,1200,111240,0
1,dlzs_snap_q,quantized_exact,30,0.9341887058483644,0.6,0.9614814814814813,1200,111240,0
1,dlzs_snap_q,quantized_exact,35,0.9399136712046289,0.6470588235294118,0.9646291208791209,1200,111240,1
1,dlzs_snap_q,quantized_exact,40,0.9451960344988133,0.725,0.971638655462184,1200,111240,0
1,dlzs_snap_q,quantized_exact,45,0.950420683044028,0.7441860465116279,0.9747876130446698,1200,111240,0
1,dlzs_snap_q,quantized_exact,50,0.9550128899129837,0.7659574468085106,0.9775308641975295,1200,111240,1
1,drum3,float,5,0.9075909461546762,0.2,0.96031746031746,1200,111240,3
1,drum3,float,10,0.9250436104799296,0.4444444444444444,0.9712858926342067,1200,111240,5
1,drum3,float,15,0.9316168454214314,0.6153846153846154,0.9701357466063341,1200,111240,7
1,drum3,float,20,0.9362641701634336,0.6666666666666666,0.9642857142857134,1200,111240,5
1,drum3,float,25,0.9409471010351584,0.6818181818181818,0.9615999999999993,1200,111240,7
1,drum3,float,30,0.9457040411699037,0.7307692307692307,0.9660633484162893,1200,111240,6
1,drum3,float,35,0.9505086114897657,0.7714285714285715,0.9716732542819493,1200,111240,6
1,drum3,float,40,0.9550857681451058,0.7837837837837838,0.9749999999999999,1200,111240,6
1,drum3,float,45,0.9593332771673857,0.8095238095238095,0.9797204713620165,1200,111240,10
1,drum3,float,50,0.9630942410834058,0.813953488372093,0.9799196787148591,1200,111240,11
1,drum3,quantized_exact,5,0.9076014775673754,0.2,0.96031746031746,1200,111240,3
1,drum3,quantized_exact,10,0.9250556333280152,0.4444444444444444,0.9712858926342067,1200,111240,5
1,drum3,quantized_exact,15,0.9316134622702358,0.6153846153846154,0.9701357466063341,1200,111240,7
1,drum3,quantized_exact,20,0.9362685085735688,0.6666666666666666,0.9642857142857134,1200,111240,5
1,drum3,quantized_exact,25,0.940948078263819,0.6818181818181818,0.9615999999999993,1200,111240,7
1,drum3,quantized_exact,30,0.9457052912351454,0.7307692307692307,0.9660633484162893,1200,111240,6
1,drum3,quantized_exact,35,0.9505100889234732,0.7714285714285715,0.9716732542819493,1200,111240,6
1,drum3,quantized_exact,40,0.9550885737991636,0.7837837837837838,0.9749999999999999,1200,111240,6
1,drum3,quantized_exact,45,0.9593330420528554,0.8095238095238095,0.9797204713620165,1200,111240,10
1,drum3,quantized_exact,50,0.963096162625067,0.813953488372093,0.9799196787148591,1200,111240,11
1,drum4,float,5,0.9522008228201706,0.4,0.9855421686746986,1200,111240,0
1,drum4,float,10,0.9598049265646492,0.6,0.9864583333333335,1200,111240,2
1,drum4,float,15,0.9631968453183959,0.6923076923076923,0.9868637110016423,1200,111240,0
1,drum4,float,20,0.9657328238655377,0.7222222222222222,0.9810924369747892,1200,111240,2
1,drum4,float,25,0.968150456639798,0.7619047619047619,0.9819214876033054,1200,111240,2
1,drum4,float,30,0.9707773676107422,0.8,0.9845545977011502,1200,111240,2
1,drum4,float,35,0.9734831238014616,0.8125,0.9861111111111112,1200,111240,1
1,drum4,float,40,0.975904992121019,0.8529411764705882,0.9877076411960132,1200,111240,3
1,drum4,float,45,0.9782975441084724,0.8571428571428571,0.9909564264181965,1200,111240,1
1,drum4,float,50,0.9802612067283444,0.8666666666666667,0.9913466738777719,1200,111240,0
1,drum4,quantized_exact,5,0.9521965265089919,0.4,0.9855421686746986,1200,111240,0
1,drum4,quantized_exact,10,0.9598042586280751,0.6,0.9864583333333335,1200,111240,2
1,drum4,quantized_exact,15,0.9631986068776428,0.6923076923076923,0.9868637110016423,1200,111240,0
1,drum4,quantized_exact,20,0.9657355930083796,0.7222222222222222,0.9810924369747892,1200,111240,2
1,drum4,quantized_exact,25,0.9681495549309425,0.7619047619047619,0.9819214876033054,1200,111240,2
1,drum4,quantized_exact,30,0.9707776167758192,0.8,0.9845545977011502,1200,111240,2
1,drum4,quantized_exact,35,0.9734836189742458,0.8125,0.9861111111111112,1200,111240,1
1,drum4,quantized_exact,40,0.9759050559719443,0.8529411764705882,0.9877076411960132,1200,111240,3
1,drum4,quantized_exact,45,0.9782959160549323,0.8571428571428571,0.9909564264181965,1200,111240,1
1,drum4,quantized_exact,50,0.9802607769494646,0.8666666666666667,0.9913466738777719,1200,111240,0
1,drum6,float,5,0.9872394140477183,0.6,1.0,1200,111240,0
1,drum6,float,10,0.9890400945239143,0.7777777777777778,1.0,1200,111240,0
1,drum6,float,15,0.9897842174591892,0.8,0.99812382739212,1200,111240,0
1,drum6,float,20,0.9904627488135348,0.8823529411764706,0.9971988795518205,1200,111240,0
1,drum6,float,25,0.9909644658409352,0.8636363636363636,0.9965156794425085,1200,111240,0
1,drum6,float,30,0.9917803966491874,0.8846153846153846,0.9971264367816093,1200,111240,0
1,drum6,float,35,0.9924709112960092,0.9,0.9975903614457833,1200,111240,0
1,drum6,float,40,0.9931186273080335,0.918918918918919,0.9978738483345144,1200,111240,0
1,drum6,float,45,0.9938004537778626,0.9230769230769231,0.9982954545454544,1200,111240,0
1,drum6,float,50,0.9944368222121506,0.9333333333333333,0.9988525530694204,1200,111240,0
1,drum6,quantized_exact,5,0.9872337411183894,0.6,1.0,1200,111240,0
1,drum6,quantized_exact,10,0.9890422793926973,0.7777777777777778,1.0,1200,111240,0
1,drum6,quantized_exact,15,0.9897877584259771,0.8,0.99812382739212,1200,111240,0
1,drum6,quantized_exact,20,0.9904656864637991,0.8823529411764706,0.9971988795518205,1200,111240,0
1,drum6,quantized_exact,25,0.9909640098189757,0.8636363636363636,0.9965156794425085,1200,111240,0
1,drum6,quantized_exact,30,0.991782978986904,0.8846153846153846,0.9971264367816093,1200,111240,0
1,drum6,quantized_exact,35,0.9924712947258673,0.9,0.9975903614457833,1200,111240,0
1,drum6,quantized_exact,40,0.9931166977638418,0.918918918918919,0.9978738483345144,1200,111240,0
1,drum6,quantized_exact,45,0.9938023823397089,0.9230769230769231,0.9982954545454544,1200,111240,0
1,drum6,quantized_exact,50,0.9944367968917015,0.9333333333333333,0.9988525530694204,1200,111240,0
1,exact_int16,float,5,0.9999471932748452,0.8,1.0,1200,111240,0
1,exact_int16,float,10,0.9999625855563841,0.8888888888888888,1.0,1200,111240,0
1,exact_int16,float,15,0.9999645104877878,0.9230769230769231,1.0,1200,111240,0
1,exact_int16,float,20,0.9999704488768266,0.9411764705882353,1.0,1200,111240,0
1,exact_int16,float,25,0.9999674040647016,0.9523809523809523,1.0,1200,111240,0
1,exact_int16,float,30,0.999977140591988,0.96,1.0,1200,111240,0
1,exact_int16,float,35,0.9999719092943489,0.9655172413793104,1.0,1200,111240,0
1,exact_int16,float,40,0.9999739622361022,0.9705882352941176,1.0,1200,111240,0
1,exact_int16,float,45,0.9999743732029825,0.972972972972973,1.0,1200,111240,0
1,exact_int16,float,50,0.9999845326377084,0.975609756097561,1.0,1200,111240,0
1,exact_int16,quantized_exact,5,1.0,1.0,1.0,1200,111240,0
1,exact_int16,quantized_exact,10,1.0,1.0,1.0,1200,111240,0
1,exact_int16,quantized_exact,15,1.0,1.0,1.0,1200,111240,0
1,exact_int16,quantized_exact,20,1.0,1.0,1.0,1200,111240,0
1,exact_int16,quantized_exact,25,1.0,1.0,1.0,1200,111240,0
1,exact_int16,quantized_exact,30,1.0,1.0,1.0,1200,111240,0
1,exact_int16,quantized_exact,35,1.0,1.0,1.0,1200,111240,0
1,exact_int16,quantized_exact,40,1.0,1.0,1.0,1200,111240,0
1,exact_int16,quantized_exact,45,1.0,1.0,1.0,1200,111240,0
1,exact_int16,quantized_exact,50,1.0,1.0,1.0,1200,111240,0
1,mitchell,float,5,0.9790615553215605,0.6,0.9978494623655914,1200,111240,0
1,mitchell,float,10,0.9823190061649071,0.7,0.9978260869565218,1200,111240,0
1,mitchell,float,15,0.9833987892936307,0.7857142857142857,0.99718574108818,1200,111240,0
1,mitchell,float,20,0.9846588783317335,0.8235294117647058,0.9940000000000002,1200,111240,0
1,mitchell,float,25,0.9857646644721741,0.84,0.9931607230092819,1200,111240,0
1,mitchell,float,30,0.986833996725069,0.8518518518518519,0.9946236559139784,1200,111240,0
1,mitchell,float,35,0.9880452930686913,0.9,0.9951428571428571,1200,111240,0
1,mitchell,float,40,0.9890719022047547,0.8974358974358975,0.9959425717852686,1200,111240,0
1,mitchell,float,45,0.9901847715119385,0.9024390243902439,0.996437380104138,1200,111240,0
1,mitchell,float,50,0.9911394832413477,0.9047619047619048,0.9967540574282144,1200,111240,1
1,mitchell,quantized_exact,5,0.9790526980878621,0.6,0.9978494623655914,1200,111240,0
1,mitchell,quantized_exact,10,0.9823203850886212,0.7,0.9978260869565218,1200,111240,0
1,mitchell,quantized_exact,15,0.9833934901117444,0.7857142857142857,0.99718574108818,1200,111240,0
1,mitchell,quantized_exact,20,0.9846601257316274,0.8235294117647058,0.9940000000000002,1200,111240,0
1,mitchell,quantized_exact,25,0.985760244965719,0.84,0.9931607230092819,1200,111240,0
1,mitchell,quantized_exact,30,0.9868326966981499,0.8518518518518519,0.9946236559139784,1200,111240,0
1,mitchell,quantized_exact,35,0.9880481140722478,0.9,0.9951428571428571,1200,111240,0
1,mitchell,quantized_exact,40,0.9890753848743202,0.8974358974358975,0.9959425717852686,1200,111240,0
1,mitchell,quantized_exact,45,0.9901863447515503,0.9024390243902439,0.996437380104138,1200,111240,0
1,mitchell,quantized_exact,50,0.9911395604683526,0.9047619047619048,0.9967540574282144,1200,111240,1
2,dlzs_comp_k,float,5,0.9193395824928747,0.3333333333333333,0.9728395061728393,1200,111240,0
2,dlzs_comp_k,float,10,0.9382568692991902,0.5555555555555556,0.9844961240310075,1200,111240,0
2,dlzs_comp_k,float,15,0.9431773373810253,0.6428571428571429,0.9753968253968259,1200,111240,0
2,dlzs_comp_k,float,20,0.9476684241132844,0.65,0.9724037763253441,1200,111240,0
2,dlzs_comp_k,float,25,0.9516808303028582,0.7142857142857143,0.9679752066115697,1200,111240,1
2,dlzs_comp_k,float,30,0.9560862849691445,0.7692307692307693,0.9704968944099375,1200,111240,1
2,dlzs_comp_k,float,35,0.960377875596847,0.75,0.973932877158683,1200,111240,0
2,dlzs_comp_k,float,40,0.9644226635662327,0.7948717948717948,0.9779670975323143,1200,111240,0
2,dlzs_comp_k,float,45,0.9680619576928342,0.813953488372093,0.9806609547123629,1200,111240,0
2,dlzs_comp_k,float,50,0.971066011754674,0.8367346938775511,0.9827493261455515,1200,111240,0
2,dlzs_comp_k,quantized_exact,5,0.9193430565068837,0.3333333333333333,0.9728395061728393,1200,111240,0
2,dlzs_comp_k,quantized_exact,10,0.9382559009876388,0.5555555555555556,0.9844961240310075,1200,111240,0
2,dlzs_comp_k,quantized_exact,15,0.9431762051739324,0.6428571428571429,0.9753968253968259,1200,111240,0
2,dlzs_comp_k,quantized_exact,20,0.9476672379527762,0.65,0.9716775599128533,1200,111240,0
2,dlzs_comp_k,quantized_exact,25,0.9516809156585009,0.7142857142857143,0.9679752066115697,1200,111240,1
2,dlzs_comp_k,quantized_exact,30,0.9560855247631861,0.7692307692307693,0.9704968944099375,1200,111240,1
2,dlzs_comp_k,quantized_exact,35,0.9603762159931195,0.75,0.973932877158683,1200,111240,0
2,dlzs_comp_k,quantized_exact,40,0.9644222583403345,0.7948717948717948,0.9779670975323143,1200,111240,0
2,dlzs_comp_k,quantized_exact,45,0.9680627398906868,0.813953488372093,0.9806609547123629,1200,111240,0
2,dlzs_comp_k,quantized_exact,50,0.9710643480301777,0.8367346938775511,0.9827493261455515,1200,111240,0
2,dlzs_comp_q,float,5,0.9460094735861972,0.4,0.9901234567901234,1200,111240,0
2,dlzs_comp_q,float,10,0.955258498036491,0.5555555555555556,0.9913043478260871,1200,111240,0
2,dlzs_comp_q,float,15,0.9569959135799604,0.5333333333333333,0.9835164835164831,1200,111240,0
2,dlzs_comp_q,float,20,0.9589049777259459,0.65,0.97609819121447,1200,111240,0
2,dlzs_comp_q,float,25,0.9614584866707431,0.72,0.9771505376344082,1200,111240,0
2,dlzs_comp_q,float,30,0.9642883697749646,0.7407407407407407,0.9757326007326008,1200,111240,0
2,dlzs_comp_q,float,35,0.9673679140636674,0.7419354838709677,0.9785902503293802,1200,111240,0
2,dlzs_comp_q,float,40,0.9703039795288675,0.7941176470588235,0.9788484136310222,1200,111240,0
2,dlzs_comp_q,float,45,0.9732105414166035,0.8181818181818182,0.9817460317460324,1200,111240,2
2,dlzs_comp_q,float,50,0.975717599839442,0.8222222222222222,0.9850505050505053,1200,111240,0
2,dlzs_comp_q,quantized_exact,5,0.9460097473322886,0.4,0.9901234567901234,1200,111240,0
2,dlzs_comp_q,quantized_exact,10,0.9552513972326111,0.5555555555555556,0.9913043478260871,1200,111240,0
2,dlzs_comp_q,quantized_exact,15,0.9569955173594519,0.5333333333333333,0.9835164835164831,1200,111240,0
2,dlzs_comp_q,quantized_exact,20,0.9589065069704177,0.65,0.97609819121447,1200,111240,0
2,dlzs_comp_q,quantized_exact,25,0.9614582549418708,0.72,0.9771505376344082,1200,111240,0
2,dlzs_comp_q,quantized_exact,30,0.9642896122270842,0.7407407407407407,0.9757326007326008,1200,111240,0
2,dlzs_comp_q,quantized_exact,35,0.96736881113692,0.7419354838709677,0.9785902503293802,1200,111240,0
2,dlzs_comp_q,quantized_exact,40,0.9703055050110432,0.7941176470588235,0.9788484136310222,1200,111240,0
2,dlzs_comp_q,quantized_exact,45,0.9732107680291116,0.8181818181818182,0.9817460317460324,1200,111240,2
2,dlzs_comp_q,quantized_exact,50,0.9757215650424572,0.8222222222222222,0.9850505050505053,1200,111240,0
2,dlzs_snap_k,float,5,0.8581211564294086,0.2,0.945454545454545,1200,111240,0
2,dlzs_snap_k,float,10,0.8874589419180271,0.4,0.9655913978494627,1200,111240,0
2,dlzs_snap_k,float,15,0.8987989528613237,0.4375,0.9537337662337666,1200,111240,0
2,dlzs_snap_k,float,20,0.9065706953957299,0.5,0.9454806312769,1200,111240,0
2,dlzs_snap_k,float,25,0.9140528445519915,0.5217391304347826,0.9427437641723341,1200,111240,1
2,dlzs_snap_k,float,30,0.9214672629015439,0.6428571428571429,0.9450602409638554,1200,111240,0
2,dlzs_snap_k,float,35,0.9287667378623337,0.65625,0.9506172839506173,1200,111240,0
2,dlzs_snap_k,float,40,0.9355882449859005,0.7142857142857143,0.9567474048442896,1200,111240,0
2,dlzs_snap_k,float,45,0.9422812369503515,0.7142857142857143,0.9596083231334157,1200,111240,1
2,dlzs_snap_k,float,50,0.9478285172784907,0.7209302325581395,0.9658580413297386,1200,111240,0
2,dlzs_snap_k,quantized_exact,5,0.8581194368054018,0.2,0.945454545454545,1200,111240,0
2,dlzs_snap_k,quantized_exact,10,0.8874608556695586,0.4,0.9655913978494627,1200,111240,0
2,dlzs_snap_k,quantized_exact,15,0.8988024764073766,0.4375,0.9537337662337666,1200,111240,0
2,dlzs_snap_k,quantized_exact,20,0.9065692838069621,0.5,0.9454806312769,1200,111240,0
2,dlzs_snap_k,quantized_exact,25,0.9140549343455371,0.5217391304347826,0.9427437641723341,1200,111240,1
2,dlzs_snap_k,quantized_exact,30,0.921467685801258,0.6428571428571429,0.9450602409638554,1200,111240,0
2,dlzs_snap_k,quantized_exact,35,0.9287683092251469,0.65625,0.9506172839506173,1200,111240,0
2,dlzs_snap_k,quantized_exact,40,0.935586687647964,0.7142857142857143,0.9567474048442896,1200,111240,0
2,dlzs_snap_k,quantized_exact,45,0.9422814341914606,0.7142857142857143,0.9596083231334157,1200,111240,1
2,dlzs_snap_k,quantized_exact,50,0.9478282104381182,0.7209302325581395,0.9658580413297386,1200,111240,0
2,dlzs_snap_q,float,5,0.9011807675201442,0.2,0.9670588235294114,1200,111240,0
2,dlzs_snap_q,float,10,0.9185789031710571,0.4444444444444444,0.9768421052631578,1200,111240,0
2,dlzs_snap_q,float,15,0.9221918908143487,0.4666666666666667,0.968325791855203,1200,111240,1
2,dlzs_snap_q,float,20,0.9256390961552126,0.5789473684210527,0.953781512605041,1200,111240,0
2,dlzs_snap_q,float,25,0.929780616122796,0.6153846153846154,0.9488659793814431,1200,111240,1
2,dlzs_snap_q,float,30,0.9348710871288731,0.65625,0.953369530501438,1200,111240,0
2,dlzs_snap_q,float,35,0.9404643282300913,0.6176470588235294,0.9560117302052792,1200,111240,2
2,dlzs_snap_q,float,40,0.9459606806575636,0.6410256410256411,0.9613636363636362,1200,111240,0
2,dlzs_snap_q,float,45,0.951105244829775,0.7045454545454546,0.9678571428571434,1200,111240,0
2,dlzs_snap_q,float,50,0.9556197884053642,0.7346938775510204,0.9750224618149136,1200,111240,2
2,dlzs_snap_q,quantized_exact,5,0.9011737512240533,0.2,0.9670588235294114,1200,111240,0
2,dlzs_snap_q,quantized_exact,10,0.9185756789764761,0.4444444444444444,0.9768421052631578,1200,111240,0
2,dlzs_snap_q,quantized_exact,15,0.9221884682535356,0.4666666666666667,0.968325791855203,1200,111240,1
2,dlzs_snap_q,quantized_exact,20,0.9256380597430424,0.5789473684210527,0.953781512605041,1200,111240,0
2,dlzs_snap_q,quantized_exact,25,0.9297782220644575,0.6153846153846154,0.9488659793814431,1200,111240,1
2,dlzs_snap_q,quantized_exact,30,0.934868700843383,0.65625,0.953369530501438,1200,111240,0
2,dlzs_snap_q,quantized_exact,35,0.9404633478329166,0.6176470588235294,0.9560117302052792,1200,111240,2
2,dlzs_snap_q,quantized_exact,40,0.9459600001101709,0.6410256410256411,0.9613636363636362,1200,111240,0
2,dlzs_snap_q,quantized_exact,45,0.951107211473636,0.7045454545454546,0.9678571428571434,1200,111240,0
2,dlzs_snap_q,quantized_exact,50,0.9556202030136792,0.7346938775510204,0.9750224618149136,1200,111240,2
2,drum3,float,5,0.9036810244923428,0.3333333333333333,0.9651162790697672,1200,111240,2
2,drum3,float,10,0.9239181542250784,0.5,0.9777777777777773,1200,111240,2
2,drum3,float,15,0.9303368987679547,0.5714285714285714,0.9704830053667258,1200,111240,2
2,drum3,float,20,0.9349979077789243,0.5555555555555556,0.9626972740315631,1200,111240,5
2,drum3,float,25,0.9397900319008348,0.6363636363636364,0.9582027168234056,1200,111240,6
2,drum3,float,30,0.9448888287370714,0.6785714285714286,0.9621212121212115,1200,111240,11
2,drum3,float,35,0.9501019010886969,0.75,0.9654150197628452,1200,111240,8
2,drum3,float,40,0.9548174406896124,0.7380952380952381,0.9678670360110796,1200,111240,3
2,drum3,float,45,0.9593472646547235,0.7435897435897436,0.9716034271725826,1200,111240,10
2,drum3,float,50,0.9632384950199034,0.7674418604651163,0.9761006289308167,1200,111240,9
2,drum3,quantized_exact,5,0.9036807850517254,0.3333333333333333,0.9651162790697672,1200,111240,2
2,drum3,quantized_exact,10,0.9239176301361931,0.5,0.9777777777777773,1200,111240,2
2,drum3,quantized_exact,15,0.930334758293993,0.5714285714285714,0.9704830053667258,1200,111240,2
2,drum3,quantized_exact,20,0.9349985008386436,0.5555555555555556,0.9626972740315631,1200,111240,5
2,drum3,quantized_exact,25,0.9397916215701616,0.6363636363636364,0.9582027168234056,1200,111240,6
2,drum3,quantized_exact,30,0.9448868478014686,0.6785714285714286,0.9625420875420869,1200,111240,11
2,drum3,quantized_exact,35,0.9501031864867083,0.75,0.9654150197628452,1200,111240,8
2,drum3,quantized_exact,40,0.9548151822840623,0.7380952380952381,0.9678670360110796,1200,111240,3
2,drum3,quantized_exact,45,0.9593465822545362,0.7435897435897436,0.9716034271725826,1200,111240,10
2,drum3,quantized_exact,50,0.9632384090755434,0.7674418604651163,0.9761006289308167,1200,111240,9
2,drum4,float,5,0.9490197501033496,0.4,0.9950617283950617,1200,111240,0
2,drum4,float,10,0.9596715748703989,0.6,0.9912087912087914,1200,111240,0
2,drum4,float,15,0.9623449206120452,0.6666666666666666,0.9862637362637359,1200,111240,0
2,drum4,float,20,0.9649474795023795,0.7222222222222222,0.9813486370157813,1200,111240,3
2,drum4,float,25,0.9673870340233695,0.7727272727272727,0.980668756530825,1200,111240,2
2,drum4,float,30,0.9703828347793183,0.8076923076923077,0.981463414634146,1200,111240,1
2,drum4,float,35,0.9731267370169912,0.8235294117647058,0.9838483146067416,1200,111240,2
2,drum4,float,40,0.9757792704612968,0.8095238095238095,0.9844082211197727,1200,111240,0
2,drum4,float,45,0.9781922691075597,0.8444444444444444,0.98721590909091,1200,111240,2
2,drum4,float,50,0.980188737965183,0.8636363636363636,0.9886792452830179,1200,111240,4
2,drum4,quantized_exact,5,0.9490238575033452,0.4,0.9950617283950617,1200,111240,0
2,drum4,quantized_exact,10,0.9596662572859691,0.6,0.9912087912087914,1200,111240,0
2,drum4,quantized_exact,15,0.9623394457877028,0.6666666666666666,0.9862637362637359,1200,111240,0
2,drum4,quantized_exact,20,0.9649505485974902,0.7222222222222222,0.9813486370157813,1200,111240,3
2,drum4,quantized_exact,25,0.9673871277405456,0.7727272727272727,0.980668756530825,1200,111240,2
2,drum4,quantized_exact,30,0.9703816370794495,0.8076923076923077,0.981463414634146,1200,111240,1
2,drum4,quantized_exact,35,0.9731285935660152,0.8235294117647058,0.9841994382022472,1200,111240,2
2,drum4,quantized_exact,40,0.9757789929557006,0.8095238095238095,0.9844082211197727,1200,111240,0
2,drum4,quantized_exact,45,0.9781920818697368,0.8444444444444444,0.98721590909091,1200,111240,2
2,drum4,quantized_exact,50,0.9801895611400001,0.8636363636363636,0.9886792452830179,1200,111240,4
2,drum6,float,5,0.9865568872848034,0.6,1.0,1200,111240,0
2,drum6,float,10,0.9890891660115689,0.7777777777777778,1.0,1200,111240,1
2,drum6,float,15,0.9896553126750695,0.8461538461538461,0.9983948635634029,1200,111240,0
2,drum6,float,20,0.9902739417070355,0.85,0.9977362761743067,1200,111240,0
2,drum6,float,25,0.9908844613212309,0.8695652173913043,0.9975257731958763,1200,111240,1
2,drum6,float,30,0.9915734590432731,0.88,0.9963800904977376,1200,111240,0
2,drum6,float,35,0.992365625920733,0.9,0.9970674486803518,1200,111240,0
2,drum6,float,40,0.9930890870963625,0.9090909090909091,0.997029997029997,1200,111240,0
2,drum6,float,45,0.9938356431100215,0.918918918918919,0.9975335708413261,1200,111240,0
2,drum6,float,50,0.9943975268736339,0.926829268292683,0.9975009611687813,1200,111240,0
2,drum6,quantized_exact,5,0.9865572007311573,0.6,1.0,1200,111240,0
2,drum6,quantized_exact,10,0.9890867953858761,0.7777777777777778,1.0,1200,111240,1
2,drum6,quantized_exact,15,0.9896498570370572,0.8461538461538461,0.9983948635634029,1200,111240,0
2,drum6,quantized_exact,20,0.9902702756897126,0.85,0.9977362761743067,1200,111240,0
2,drum6,quantized_exact,25,0.9908854147010576,0.8695652173913043,0.9975257731958763,1200,111240,1
2,drum6,quantized_exact,30,0.9915700712446589,0.88,0.9963800904977376,1200,111240,0
2,drum6,quantized_exact,35,0.9923694953353148,0.9,0.9970674486803518,1200,111240,0
2,drum6,quantized_exact,40,0.9930900211140101,0.9090909090909091,0.997029997029997,1200,111240,0
2,drum6,quantized_exact,45,0.9938410626091388,0.918918918918919,0.9975335708413261,1200,111240,0
2,drum6,quantized_exact,50,0.994397291570556,0.926829268292683,0.9975009611687813,1200,111240,0
2,exact_int16,float,5,0.9999695559238135,0.8,1.0,1200,111240,0
2,exact_int16,float,10,0.9999783167424525,0.8888888888888888,1.0,1200,111240,0
2,exact_int16,float,15,0.9999736646005674,0.9230769230769231,1.0,1200,111240,0
2,exact_int16,float,20,0.9999722503396519,0.9411764705882353,1.0,1200,111240,0
2,exact_int16,float,25,0.9999707059728669,0.9523809523809523,1.0,1200,111240,0
2,exact_int16,float,30,0.9999739124612355,0.96,1.0,1200,111240,0
2,exact_int16,float,35,0.9999811123916724,0.9655172413793104,1.0,1200,111240,0
2,exact_int16,float,40,0.9999790641504118,0.9696969696969697,1.0,1200,111240,0
2,exact_int16,float,45,0.9999726610152238,0.972972972972973,1.0,1200,111240,0
2,exact_int16,float,50,0.9999819703227132,0.975609756097561,1.0,1200,111240,0
2,exact_int16,quantized_exact,5,1.0,1.0,1.0,1200,111240,0
2,exact_int16,quantized_exact,10,1.0,1.0,1.0,1200,111240,0
2,exact_int16,quantized_exact,15,1.0,1.0,1.0,1200,111240,0
2,exact_int16,quantized_exact,20,1.0,1.0,1.0,1200,111240,0
2,exact_int16,quantized_exact,25,1.0,1.0,1.0,1200,111240,0
2,exact_int16,quantized_exact,30,1.0,1.0,1.0,1200,111240,0
2,exact_int16,quantized_exact,35,1.0,1.0,1.0,1200,111240,0
2,exact_int16,quantized_exact,40,1.0,1.0,1.0,1200,111240,0
2,exact_int16,quantized_exact,45,1.0,1.0,1.0,1200,111240,0
2,exact_int16,quantized_exact,50,1.0,1.0,1.0,1200,111240,0
2,mitchell,float,5,0.9771299656742951,0.4,1.0,1200,111240,0
2,mitchell,float,10,0.9816704930655599,0.7,0.9979381443298969,1200,111240,0
2,mitchell,float,15,0.9830124352353002,0.7857142857142857,0.9963800904977373,1200,111240,0
2,mitchell,float,20,0.9840655291795687,0.8,0.9950617283950618,1200,111240,0
2,mitchell,float,25,0.9852984955273617,0.8636363636363636,0.9943999999999997,1200,111240,0
2,mitchell,float,30,0.9864260338337412,0.8571428571428571,0.9935897435897435,1200,111240,0
2,mitchell,float,35,0.9878138044004606,0.8709677419354839,0.9938080495356035,1200,111240,0
2,mitchell,float,40,0.9890028389920544,0.8823529411764706,0.9943820224719104,1200,111240,0
2,mitchell,float,45,0.9901004372219294,0.9,0.9948412698412702,1200,111240,0
2,mitchell,float,50,0.9910372044383428,0.9215686274509803,0.9958670260557049,1200,111240,0
2,mitchell,quantized_exact,5,0.9771369468830554,0.4,1.0,1200,111240,0
2,mitchell,quantized_exact,10,0.9816692578353491,0.7,0.9979381443298969,1200,111240,0
2,mitchell,quantized_exact,15,0.9830149458828888,0.7857142857142857,0.9963800904977373,1200,111240,0
2,mitchell,quantized_exact,20,0.9840634137627595,0.8,0.9950617283950618,1200,111240,0
2,mitchell,quantized_exact,25,0.9852938409221902,0.8636363636363636,0.9943999999999997,1200,111240,0
2,mitchell,quantized_exact,30,0.9864280865120315,0.8571428571428571,0.9935897435897435,1200,111240,0
2,mitchell,quantized_exact,35,0.9878129789751089,0.8709677419354839,0.9938080495356035,1200,111240,0
2,mitchell,quantized_exact,40,0.9890032857019256,0.8823529411764706,0.9943820224719104,1200,111240,0
2,mitchell,quantized_exact,45,0.9901002551531076,0.9,0.9948412698412702,1200,111240,0
2,mitchell,quantized_exact,50,0.9910380977074392,0.9215686274509803,0.9958670260557049,1200,111240,0
3,dlzs_comp_k,float,5,0.935349995573453,0.4,0.9741176470588233,1200,111240,0
3,dlzs_comp_k,float,10,0.9439726041200484,0.5,0.9722222222222218,1200,111240,0
3,dlzs_comp_k,float,15,0.9462474530779035,0.6153846153846154,0.9694444444444446,1200,111240,0
3,dlzs_comp_k,float,20,0.9488606758818082,0.6470588235294118,0.9709342560553627,1200,111240,0
3,dlzs_comp_k,float,25,0.9520845471740063,0.6666666666666666,0.9725897920604921,1200,111240,0
3,dlzs_comp_k,float,30,0.9558292513129978,0.75,0.9746606334841633,1200,111240,0
3,dlzs_comp_k,float,35,0.9597120543358005,0.7837837837837838,0.9754398826979476,1200,111240,0
3,dlzs_comp_k,float,40,0.9634853411846387,0.7837837837837838,0.9761245674740474,1200,111240,0
3,dlzs_comp_k,float,45,0.9670127189546907,0.7777777777777778,0.980166175288126,1200,111240,0
3,dlzs_comp_k,float,50,0.969973870043131,0.8095238095238095,0.9815789473684211,1200,111240,0
3,dlzs_comp_k,quantized_exact,5,0.9353447636593919,0.4,0.9741176470588233,1200,111240,0
3,dlzs_comp_k,quantized_exact,10,0.9439748749112225,0.5,0.9722222222222218,1200,111240,0
3,dlzs_comp_k,quantized_exact,15,0.9462450038623897,0.6153846153846154,0.9694444444444446,1200,111240,0
3,dlzs_comp_k,quantized_exact,20,0.9488575971445959,0.6470588235294118,0.9709342560553627,1200,111240,0
3,dlzs_comp_k,quantized_exact,25,0.952080920901664,0.6666666666666666,0.9725897920604921,1200,111240,0
3,dlzs_comp_k,quantized_exact,30,0.9558313627994142,0.75,0.9746606334841633,1200,111240,0
3,dlzs_comp_k,quantized_exact,35,0.9597128044415381,0.7837837837837838,0.9754398826979476,1200,111240,0
3,dlzs_comp_k,quantized_exact,40,0.9634857103984621,0.7837837837837838,0.9761245674740474,1200,111240,0
3,dlzs_comp_k,quantized_exact,45,0.9670118444809332,0.7777777777777778,0.980166175288126,1200,111240,0
3,dlzs_comp_k,quantized_exact,50,0.9699757318784722,0.8095238095238095,0.9815789473684211,1200,111240,0
3,dlzs_comp_q,float,5,0.9601094005082215,0.4,0.9913978494623654,1200,111240,0
3,dlzs_comp_q,float,10,0.9601487878475234,0.5555555555555556,0.9814814814814813,1200,111240,0
3,dlzs_comp_q,float,15,0.9597845541687745,0.6428571428571429,0.9791332263242377,1200,111240,0
3,dlzs_comp_q,float,20,0.9610242939628018,0.6470588235294118,0.9799307958477502,1200,111240,0
3,dlzs_comp_q,float,25,0.9629529549192071,0.6956521739130435,0.9806238185255205,1200,111240,0
3,dlzs_comp_q,float,30,0.9656779253943523,0.7037037037037037,0.9784798534798534,1200,111240,0
3,dlzs_comp_q,float,35,0.9685785901088327,0.7941176470588235,0.9811764705882355,1200,111240,0
3,dlzs_comp_q,float,40,0.9714370832402903,0.8108108108108109,0.981288981288981,1200,111240,0
3,dlzs_comp_q,float,45,0.9740377941382419,0.8,0.9818594104308378,1200,111240,0
3,dlzs_comp_q,float,50,0.9765829558040474,0.82,0.9846523668639046,1200,111240,0
3,dlzs_comp_q,quantized_exact,5,0.9601119571534855,0.4,0.9913978494623654,1200,111240,0
3,dlzs_comp_q,quantized_exact,10,0.9601509146490756,0.5555555555555556,0.9814814814814813,1200,111240,0
3,dlzs_comp_q,quantized_exact,15,0.959786744475904,0.6428571428571429,0.9791332263242377,1200,111240,0
3,dlzs_comp_q,quantized_exact,20,0.9610249793837837,0.6470588235294118,0.9799307958477502,1200,111240,0
3,dlzs_comp_q,quantized_exact,25,0.9629505145580346,0.6956521739130435,0.9806238185255205,1200,111240,0
3,dlzs_comp_q,quantized_exact,30,0.9656762319590515,0.7037037037037037,0.9784798534798534,1200,111240,0
3,dlzs_comp_q,quantized_exact,35,0.9685785130377634,0.7941176470588235,0.9811764705882355,1200,111240,0
3,dlzs_comp_q,quantized_exact,40,0.9714344548160087,0.8108108108108109,0.981288981288981,1200,111240,0
3,dlzs_comp_q,quantized_exact,45,0.9740363154410303,0.8,0.9818594104308378,1200,111240,0
3,dlzs_comp_q,quantized_exact,50,0.9765826962187032,0.82,0.9846523668639046,1200,111240,0
3,dlzs_snap_k,float,5,0.8838942987353259,0.2,0.939759036144578,1200,111240,0
3,dlzs_snap_k,float,10,0.8997516742737586,0.3,0.9368998628257879,1200,111240,0
3,dlzs_snap_k,float,15,0.9038400728178264,0.46153846153846156,0.9414125200642061,1200,111240,0
3,dlzs_snap_k,float,20,0.9086399021664109,0.47368421052631576,0.9525593008739066,1200,111240,0
3,dlzs_snap_k,float,25,0.9144709083709923,0.5454545454545454,0.9432892249527415,1200,111240,1
3,dlzs_snap_k,float,30,0.9210523749025801,0.5769230769230769,0.9494949494949487,1200,111240,1
3,dlzs_snap_k,float,35,0.9277578889848013,0.6470588235294118,0.9557275541795652,1200,111240,0
3,dlzs_snap_k,float,40,0.934058695810132,0.6857142857142857,0.9569349569349569,1200,111240,0
3,dlzs_snap_k,float,45,0.9402505949778659,0.7045454545454546,0.9600614439324111,1200,111240,0
3,dlzs_snap_k,float,50,0.9455088523184406,0.7209302325581395,0.9648484848484836,1200,111240,0
3,dlzs_snap_k,quantized_exact,5,0.8838956311482657,0.2,0.939759036144578,1200,111240,0
3,dlzs_snap_k,quantized_exact,10,0.89975154599505,0.3,0.9368998628257879,1200,111240,0
3,dlzs_snap_k,quantized_exact,15,0.9038403354620418,0.46153846153846156,0.9414125200642061,1200,111240,0
3,dlzs_snap_k,quantized_exact,20,0.9086371185756913,0.47368421052631576,0.9525593008739066,1200,111240,0
3,dlzs_snap_k,quantized_exact,25,0.9144734520889574,0.5454545454545454,0.9432892249527415,1200,111240,1
3,dlzs_snap_k,quantized_exact,30,0.9210496826861678,0.5769230769230769,0.9494949494949487,1200,111240,1
3,dlzs_snap_k,quantized_exact,35,0.9277554846892347,0.6470588235294118,0.9557275541795652,1200,111240,0
3,dlzs_snap_k,quantized_exact,40,0.9340580850009194,0.6857142857142857,0.9569349569349569,1200,111240,0
3,dlzs_snap_k,quantized_exact,45,0.9402498136309879,0.7045454545454546,0.9598054275473625,1200,111240,0
3,dlzs_snap_k,quantized_exact,50,0.9455087518197903,0.7209302325581395,0.9648484848484836,1200,111240,0
3,dlzs_snap_q,float,5,0.9243990979619654,0.4,0.9638554216867466,1200,111240,0
3,dlzs_snap_q,float,10,0.9269078313175032,0.5,0.9638554216867463,1200,111240,0
3,dlzs_snap_q,float,15,0.9269355211170222,0.5333333333333333,0.9582664526484757,1200,111240,1
3,dlzs_snap_q,float,20,0.9290167475047595,0.5789473684210527,0.9578794480755254,1200,111240,0
3,dlzs_snap_q,float,25,0.93235686998683,0.6086956521739131,0.9545454545454537,1200,111240,0
3,dlzs_snap_q,float,30,0.937286638523884,0.6296296296296297,0.9583710407239818,1200,111240,0
3,dlzs_snap_q,float,35,0.942578141316788,0.6774193548387096,0.9606425702811247,1200,111240,0
3,dlzs_snap_q,float,40,0.9474619344836699,0.6944444444444444,0.9631410256410252,1200,111240,1
3,dlzs_snap_q,float,45,0.9524510768594806,0.725,0.9640852974186289,1200,111240,2
3,dlzs_snap_q,float,50,0.9567671854788891,0.75,0.9682305912055543,1200,111240,0
3,dlzs_snap_q,quantized_exact,5,0.9244009090506231,0.4,0.9638554216867466,1200,111240,0
3,dlzs_snap_q,quantized_exact,10,0.9268995709482342,0.5,0.9638554216867463,1200,111240,0
3,dlzs_snap_q,quantized_exact,15,0.9269336882813015,0.5333333333333333,0.9582664526484757,1200,111240,1
3,dlzs_snap_q,quantized_exact,20,0.9290165170652458,0.5789473684210527,0.9578794480755254,1200,111240,0
3,dlzs_snap_q,quantized_exact,25,0.9323551286985505,0.6086956521739131,0.9545454545454537,1200,111240,0
3,dlzs_snap_q,quantized_exact,30,0.9372853446579438,0.6296296296296297,0.9583710407239818,1200,111240,0
3,dlzs_snap_q,quantized_exact,35,0.9425802814287702,0.6774193548387096,0.9606425702811247,1200,111240,0
3,dlzs_snap_q,quantized_exact,40,0.947467302306276,0.6944444444444444,0.9631410256410252,1200,111240,1
3,dlzs_snap_q,quantized_exact,45,0.9524504553102447,0.725,0.9640852974186289,1200,111240,2
3,dlzs_snap_q,quantized_exact,50,0.9567677741120691,0.75,0.9682305912055543,1200,111240,0
3,drum3,float,5,0.9237101115182472,0.4,0.9655913978494621,1200,111240,1
3,drum3,float,10,0.9327689530885599,0.5555555555555556,0.9591315453384412,1200,111240,1
3,drum3,float,15,0.9341994989178336,0.6,0.9638009049773748,1200,111240,5
3,drum3,float,20,0.9369001401586956,0.6,0.9681647940074899,1200,111240,7
3,drum3,float,25,0.9407877611547155,0.6086956521739131,0.9636884854276169,1200,111240,5
3,drum3,float,30,0.9455281544996372,0.6666666666666666,0.9654320987654316,1200,111240,4
3,drum3,float,35,0.9503625380823172,0.6666666666666666,0.9670087976539594,1200,111240,7
3,drum3,float,40,0.954880636580617,0.7105263157894737,0.9702020202020198,1200,111240,10
3,drum3,float,45,0.959072500968961,0.7619047619047619,0.9726062467997948,1200,111240,7
3,drum3,float,50,0.9628625471947923,0.7906976744186046,0.9742973372781063,1200,111240,11
3,drum3,quantized_exact,5,0.9237123469656358,0.4,0.9655913978494621,1200,111240,1
3,drum3,quantized_exact,10,0.9327688214372972,0.5555555555555556,0.9591315453384412,1200,111240,1
3,drum3,quantized_exact,15,0.9341974142465299,0.6,0.9638009049773748,1200,111240,5
3,drum3,quantized_exact,20,0.9368997516397061,0.6,0.9681647940074899,1200,111240,7
3,drum3,quantized_exact,25,0.9407846414248299,0.6086956521739131,0.9636884854276169,1200,111240,5
3,drum3,quantized_exact,30,0.9455278870547916,0.6666666666666666,0.9654320987654316,1200,111240,4
3,drum3,quantized_exact,35,0.9503609955076797,0.6666666666666666,0.9670087976539594,1200,111240,7
3,drum3,quantized_exact,40,0.9548810202655004,0.7105263157894737,0.9702020202020198,1200,111240,10
3,drum3,quantized_exact,45,0.95907280776377,0.7619047619047619,0.9726062467997948,1200,111240,7
3,drum3,quantized_exact,50,0.9628582301939245,0.7906976744186046,0.9742973372781063,1200,111240,11
3,drum4,float,5,0.959838801776127,0.6,0.9858823529411763,1200,111240,0
3,drum4,float,10,0.9638966139084342,0.5555555555555556,0.9825218476903869,1200,111240,0
3,drum4,float,15,0.9643932409581721,0.5384615384615384,0.9831460674157305,1200,111240,1
3,drum4,float,20,0.9659148686640818,0.7058823529411765,0.9838935574229689,1200,111240,1
3,drum4,float,25,0.9679751646310044,0.782608695652174,0.9807486631016037,1200,111240,2
3,drum4,float,30,0.9706550876258427,0.8148148148148148,0.9827531140210799,1200,111240,1
3,drum4,float,35,0.9731870019243551,0.8,0.9835341365461852,1200,111240,0
3,drum4,float,40,0.9756233506225936,0.7894736842105263,0.9852941176470582,1200,111240,1
3,drum4,float,45,0.9780345330241018,0.825,0.9874999999999996,1200,111240,1
3,drum4,float,50,0.9800449678992054,0.8409090909090909,0.9866228070175442,1200,111240,3
3,drum4,quantized_exact,5,0.9598312095069829,0.6,0.9858823529411763,1200,111240,0
3,drum4,quantized_exact,10,0.9639003738855433,0.5555555555555556,0.9825218476903869,1200,111240,0
3,drum4,quantized_exact,15,0.9643940778789009,0.5384615384615384,0.9831460674157305,1200,111240,1
3,drum4,quantized_exact,20,0.965913934349054,0.7058823529411765,0.9838935574229689,1200,111240,1
3,drum4,quantized_exact,25,0.9679724690237733,0.782608695652174,0.9807486631016037,1200,111240,2
3,drum4,quantized_exact,30,0.9706541357889752,0.8148148148148148,0.9827531140210799,1200,111240,1
3,drum4,quantized_exact,35,0.9731888258703918,0.8,0.9835341365461852,1200,111240,0
3,drum4,quantized_exact,40,0.9756211448126283,0.7894736842105263,0.9850415512465371,1200,111240,1
3,drum4,quantized_exact,45,0.9780339135784654,0.825,0.9874999999999996,1200,111240,1
3,drum4,quantized_exact,50,0.9800455839278707,0.8409090909090909,0.9866228070175442,1200,111240,3
3,drum6,float,5,0.9895305630104879,0.6,1.0,1200,111240,0
3,drum6,float,10,0.9902139693127174,0.7777777777777778,1.0,1200,111240,0
3,drum6,float,15,0.9901347443010472,0.8461538461538461,0.9984639016897082,1200,111240,0
3,drum6,float,20,0.9904712384601955,0.8333333333333334,0.9975308641975308,1200,111240,0
3,drum6,float,25,0.9909332552940036,0.8571428571428571,0.9975574010747437,1200,111240,0
3,drum6,float,30,0.9916867250557415,0.88,0.9974747474747474,1200,111240,0
3,drum6,float,35,0.992393649887184,0.9032258064516129,0.997364953886693,1200,111240,1
3,drum6,float,40,0.9930830443519679,0.9117647058823529,0.9969999999999996,1200,111240,0
3,drum6,float,45,0.9937660928712311,0.925,0.9970311726867888,1200,111240,0
3,drum6,float,50,0.9943197815008417,0.9302325581395349,0.997864492331586,1200,111240,0
3,drum6,quantized_exact,5,0.989540242423224,0.6,1.0,1200,111240,0
3,drum6,quantized_exact,10,0.9902173578307963,0.7777777777777778,1.0,1200,111240,0
3,drum6,quantized_exact,15,0.9901353377392688,0.8461538461538461,0.9984639016897082,1200,111240,0
3,drum6,quantized_exact,20,0.9904647702523051,0.8333333333333334,0.9975308641975308,1200,111240,0
3,drum6,quantized_exact,25,0.9909337192564749,0.8571428571428571,0.9975574010747437,1200,111240,0
3,drum6,quantized_exact,30,0.9916835376745339,0.88,0.9974747474747474,1200,111240,0
3,drum6,quantized_exact,35,0.9923935919776409,0.9032258064516129,0.997364953886693,1200,111240,1
3,drum6,quantized_exact,40,0.9930811464161851,0.9117647058823529,0.9969999999999996,1200,111240,0
3,drum6,quantized_exact,45,0.9937654584350774,0.925,0.9970311726867888,1200,111240,0
3,drum6,quantized_exact,50,0.9943206139916595,0.9302325581395349,0.997864492331586,1200,111240,0
3,exact_int16,float,5,0.9999812417031849,0.8,1.0,1200,111240,0
3,exact_int16,float,10,0.9999783150987244,0.8888888888888888,1.0,1200,111240,0
3,exact_int16,float,15,0.9999737399547499,0.9230769230769231,1.0,1200,111240,0
3,exact_int16,float,20,0.9999709558307469,0.9411764705882353,1.0,1200,111240,0
3,exact_int16,float,25,0.9999745228735625,0.9523809523809523,1.0,1200,111240,0
3,exact_int16,float,30,0.999979436308355,0.9615384615384616,1.0,1200,111240,0
3,exact_int16,float,35,0.9999785469518653,0.9655172413793104,1.0,1200,111240,0
3,exact_int16,float,40,0.999976560527316,0.9696969696969697,1.0,1200,111240,0
3,exact_int16,float,45,0.9999821184591917,0.972972972972973,1.0,1200,111240,0
3,exact_int16,float,50,0.9999810405935872,0.975609756097561,1.0,1200,111240,0
3,exact_int16,quantized_exact,5,1.0,1.0,1.0,1200,111240,0
3,exact_int16,quantized_exact,10,1.0,1.0,1.0,1200,111240,0
3,exact_int16,quantized_exact,15,1.0,1.0,1.0,1200,111240,0
3,exact_int16,quantized_exact,20,1.0,1.0,1.0,1200,111240,0
3,exact_int16,quantized_exact,25,1.0,1.0,1.0,1200,111240,0
3,exact_int16,quantized_exact,30,1.0,1.0,1.0,1200,111240,0
3,exact_int16,quantized_exact,35,1.0,1.0,1.0,1200,111240,0
3,exact_int16,quantized_exact,40,1.0,1.0,1.0,1200,111240,0
3,exact_int16,quantized_exact,45,1.0,1.0,1.0,1200,111240,0
3,exact_int16,quantized_exact,50,1.0,1.0,1.0,1200,111240,0
3,mitchell,float,5,0.9819072081943125,0.6,0.997979797979798,1200,111240,0
3,mitchell,float,10,0.9836127697124328,0.7,0.99625468164794,1200,111240,0
3,mitchell,float,15,0.9836630407524464,0.7692307692307693,0.9963800904977373,1200,111240,0
3,mitchell,float,20,0.984370314609312,0.8235294117647058,0.9958477508650518,1200,111240,0
3,mitchell,float,25,0.9851694737333738,0.8571428571428571,0.9942627653471025,1200,111240,0
3,mitchell,float,30,0.9862923684311022,0.875,0.9935802469135799,1200,111240,1
3,mitchell,float,35,0.9876142081371646,0.8709677419354839,0.9944005270092225,1200,111240,0
3,mitchell,float,40,0.9887033747197765,0.8787878787878788,0.9948096885813146,1200,111240,0
3,mitchell,float,45,0.9897287300779377,0.918918918918919,0.9945402298850572,1200,111240,0
3,mitchell,float,50,0.990706853472351,0.9111111111111111,0.9956970740103274,1200,111240,0
3,mitchell,quantized_exact,5,0.981900821490709,0.6,0.997979797979798,1200,111240,0
3,mitchell,quantized_exact,10,0.983608056024508,0.7,0.99625468164794,1200,111240,0
3,mitchell,quantized_exact,15,0.9836555504797385,0.7692307692307693,0.9963800904977373,1200,111240,0
3,mitchell,quantized_exact,20,0.9843667674787272,0.8235294117647058,0.9958477508650518,1200,111240,0
3,mitchell,quantized_exact,25,0.9851702664618875,0.8571428571428571,0.9942627653471025,1200,111240,0
3,mitchell,quantized_exact,30,0.986294117836842,0.875,0.9935802469135799,1200,111240,1
3,mitchell,quantized_exact,35,0.9876152926612648,0.8709677419354839,0.9944005270092225,1200,111240,0
3,mitchell,quantized_exact,40,0.9887067697314311,0.8787878787878788,0.9948096885813146,1200,111240,0
3,mitchell,quantized_exact,45,0.9897276507619203,0.918918918918919,0.9945402298850572,1200,111240,0
3,mitchell,quantized_exact,50,0.9907028216315849,0.9111111111111111,0.9956970740103274,1200,111240,0
4,dlzs_comp_k,float,5,0.9127290057029226,0.2,0.9604651162790695,1200,111240,0
4,dlzs_comp_k,float,10,0.929798425732543,0.5454545454545454,0.9691358024691352,1200,111240,0
4,dlzs_comp_k,float,15,0.9403279660661527,0.6428571428571429,0.9751203852327451,1200,111240,0
4,dlzs_comp_k,float,20,0.9463343140445649,0.7,0.9713541666666674,1200,111240,0
4,dlzs_comp_k,float,25,0.9513272876988657,0.7272727272727273,0.9745969711773335,1200,111240,0
4,dlzs_comp_k,float,30,0.9559050784646353,0.7692307692307693,0.9762931034482767,1200,111240,0
4,dlzs_comp_k,float,35,0.9599295624908936,0.7878787878787878,0.9778694673668422,1200,111240,0
4,dlzs_comp_k,float,40,0.9633024611636313,0.8235294117647058,0.9796747967479671,1200,111240,0
4,dlzs_comp_k,float,45,0.9664013890809364,0.8378378378378378,0.9798295454545454,1200,111240,0
4,dlzs_comp_k,float,50,0.9693951996406767,0.8571428571428571,0.9815538194444451,1200,111240,0
4,dlzs_comp_k,quantized_exact,5,0.9127287672736969,0.2,0.9604651162790695,1200,111240,0
4,dlzs_comp_k,quantized_exact,10,0.9297952558678958,0.5454545454545454,0.9691358024691352,1200,111240,0
4,dlzs_comp_k,quantized_exact,15,0.9403342665513715,0.6428571428571429,0.9751203852327451,1200,111240,0
4,dlzs_comp_k,quantized_exact,20,0.9463380125439892,0.7,0.9713541666666674,1200,111240,0
4,dlzs_comp_k,quantized_exact,25,0.9513259984303992,0.7272727272727273,0.9745969711773335,1200,111240,0
4,dlzs_comp_k,quantized_exact,30,0.9559042079007907,0.7692307692307693,0.9762931034482767,1200,111240,0
4,dlzs_comp_k,quantized_exact,35,0.9599301870722784,0.7878787878787878,0.9778694673668422,1200,111240,0
4,dlzs_comp_k,quantized_exact,40,0.9633042219128921,0.8235294117647058,0.9796747967479671,1200,111240,0
4,dlzs_comp_k,quantized_exact,45,0.9664034335554277,0.8378378378378378,0.9798295454545454,1200,111240,0
4,dlzs_comp_k,quantized_exact,50,0.9693955405437085,0.8571428571428571,0.9815538194444451,1200,111240,0
4,dlzs_comp_q,float,5,0.945004018535055,0.4,0.9827956989247311,1200,111240,1
4,dlzs_comp_q,float,10,0.9514567157970862,0.5454545454545454,0.9773195876288663,1200,111240,0
4,dlzs_comp_q,float,15,0.9560699706493687,0.6,0.9793621013133205,1200,111240,0
4,dlzs_comp_q,float,20,0.9596010883342111,0.6842105263157895,0.9783505154639182,1200,111240,1
4,dlzs_comp_q,float,25,0.9624508755058431,0.7391304347826086,0.981501057082452,1200,111240,1
4,dlzs_comp_q,float,30,0.9651406156413949,0.7741935483870968,0.9811252268602547,1200,111240,0
4,dlzs_comp_q,float,35,0.967868321233528,0.7941176470588235,0.9811126373626373,1200,111240,0
4,dlzs_comp_q,float,40,0.9701806658596688,0.8333333333333334,0.9819944598337945,1200,111240,0
4,dlzs_comp_q,float,45,0.972746161850986,0.8205128205128205,0.9843749999999996,1200,111240,1
4,dlzs_comp_q,float,50,0.9749009268272539,0.8333333333333334,0.9859053989488777,1200,111240,0
4,dlzs_comp_q,quantized_exact,5,0.9449948050147956,0.4,0.9827956989247311,1200,111240,1
4,dlzs_comp_q,quantized_exact,10,0.951459465461542,0.5454545454545454,0.9773195876288663,1200,111240,0
4,dlzs_comp_q,quantized_exact,15,0.9560709514950868,0.6,0.9793621013133205,1200,111240,0
4,dlzs_comp_q,quantized_exact,20,0.9595982025303113,0.6842105263157895,0.9783505154639182,1200,111240,1
4,dlzs_comp_q,quantized_exact,25,0.9624490810179503,0.7391304347826086,0.9809725158562365,1200,111240,1
4,dlzs_comp_q,quantized_exact,30,0.9651374036865998,0.7741935483870968,0.9807622504537211,1200,111240,0
4,dlzs_comp_q,quantized_exact,35,0.9678687145210083,0.7941176470588235,0.9811126373626373,1200,111240,0
4,dlzs_comp_q,quantized_exact,40,0.9701817708985833,0.8333333333333334,0.9819944598337945,1200,111240,0
4,dlzs_comp_q,quantized_exact,45,0.9727465344879486,0.8205128205128205,0.9843749999999996,1200,111240,1
4,dlzs_comp_q,quantized_exact,50,0.9749021690753275,0.8333333333333334,0.9859053989488777,1200,111240,0
4,dlzs_snap_k,float,5,0.8475769320416588,0.2,0.9117647058823527,1200,111240,0
4,dlzs_snap_k,float,10,0.8764608666351373,0.4,0.9375000000000001,1200,111240,0
4,dlzs_snap_k,float,15,0.8939783459471914,0.5,0.9462279293739974,1200,111240,0
4,dlzs_snap_k,float,20,0.9046081842457677,0.6,0.9469413233458165,1200,111240,0
4,dlzs_snap_k,float,25,0.9130970608684459,0.6363636363636364,0.9514462809917347,1200,111240,0
4,dlzs_snap_k,float,30,0.9206639895862865,0.6538461538461539,0.9532967032967028,1200,111240,0
4,dlzs_snap_k,float,35,0.9275750058243938,0.6875,0.9583333333333334,1200,111240,0
4,dlzs_snap_k,float,40,0.9335272004903347,0.7222222222222222,0.962546816479401,1200,111240,2
4,dlzs_snap_k,float,45,0.9393397749104366,0.7560975609756098,0.9624554672513017,1200,111240,1
4,dlzs_snap_k,float,50,0.9446304331506679,0.782608695652174,0.9662921348314594,1200,111240,1
4,dlzs_snap_k,quantized_exact,5,0.8475798685915199,0.2,0.9117647058823527,1200,111240,0
4,dlzs_snap_k,quantized_exact,10,0.8764583499685524,0.4,0.9375000000000001,1200,111240,0
4,dlzs_snap_k,quantized_exact,15,0.8939873837665891,0.5,0.9462279293739974,1200,111240,0
4,dlzs_snap_k,quantized_exact,20,0.9046043278853463,0.6,0.9469413233458165,1200,111240,0
4,dlzs_snap_k,quantized_exact,25,0.9130990423861787,0.6363636363636364,0.9514462809917347,1200,111240,0
4,dlzs_snap_k,quantized_exact,30,0.9206631542397404,0.6538461538461539,0.9532967032967028,1200,111240,0
4,dlzs_snap_k,quantized_exact,35,0.9275741219750538,0.6875,0.9583333333333334,1200,111240,0
4,dlzs_snap_k,quantized_exact,40,0.9335264343939017,0.7222222222222222,0.962546816479401,1200,111240,2
4,dlzs_snap_k,quantized_exact,45,0.9393411463930099,0.7560975609756098,0.9627295149355987,1200,111240,1
4,dlzs_snap_k,quantized_exact,50,0.9446319351543764,0.782608695652174,0.9662921348314594,1200,111240,1
4,dlzs_snap_q,float,5,0.8995922163907583,0.2,0.9545454545454543,1200,111240,0
4,dlzs_snap_q,float,10,0.9116113555470207,0.4,0.9583333333333328,1200,111240,0
4,dlzs_snap_q,float,15,0.9198545082907947,0.5,0.9624765478424009,1200,111240,0
4,dlzs_snap_q,float,20,0.9254836705418614,0.6,0.9589646464646456,1200,111240,1
4,dlzs_snap_q,float,25,0.9310232420532671,0.6521739130434783,0.9618055555555554,1200,111240,1
4,dlzs_snap_q,float,30,0.9359656891630934,0.6923076923076923,0.9627496159754225,1200,111240,1
4,dlzs_snap_q,float,35,0.9407288666223931,0.7058823529411765,0.9654618473895586,1200,111240,0
4,dlzs_snap_q,float,40,0.944974832592931,0.7222222222222222,0.963235294117646,1200,111240,1
4,dlzs_snap_q,float,45,0.9493829567884245,0.75,0.9674418604651172,1200,111240,1
4,dlzs_snap_q,float,50,0.9535376181981284,0.7857142857142857,0.9683612763656033,1200,111240,0
4,dlzs_snap_q,quantized_exact,5,0.8995830017834684,0.2,0.9545454545454543,1200,111240,0
4,dlzs_snap_q,quantized_exact,10,0.9116071771156273,0.4,0.9583333333333328,1200,111240,0
4,dlzs_snap_q,quantized_exact,15,0.9198570163542744,0.5,0.9624765478424009,1200,111240,0
4,dlzs_snap_q,quantized_exact,20,0.9254835347574093,0.6,0.9589646464646456,1200,111240,1
4,dlzs_snap_q,quantized_exact,25,0.931022394738277,0.6521739130434783,0.9618055555555554,1200,111240,1
4,dlzs_snap_q,quantized_exact,30,0.9359667277914206,0.6923076923076923,0.9627496159754225,1200,111240,1
4,dlzs_snap_q,quantized_exact,35,0.9407269522134956,0.7058823529411765,0.9654618473895586,1200,111240,0
4,dlzs_snap_q,quantized_exact,40,0.9449736149147439,0.7222222222222222,0.963235294117646,1200,111240,1
4,dlzs_snap_q,quantized_exact,45,0.9493815965486146,0.75,0.9674418604651172,1200,111240,1
4,dlzs_snap_q,quantized_exact,50,0.9535389373293737,0.7857142857142857,0.9683612763656033,1200,111240,0
4,drum3,float,5,0.8977662232451119,0.2,0.9530864197530861,1200,111240,1
4,drum3,float,10,0.9164891593779703,0.4444444444444444,0.9585006693440423,1200,111240,4
4,drum3,float,15,0.9274737171940137,0.5714285714285714,0.9630818619582667,1200,111240,2
4,drum3,float,20,0.9341525241750526,0.631578947368421,0.9653979238754316,1200,111240,6
4,drum3,float,25,0.9399636365043771,0.6666666666666666,0.9677419354838707,1200,111240,5
4,drum3,float,30,0.9449668665218568,0.7307692307692307,0.9689952904238617,1200,111240,5
4,drum3,float,35,0.9494743983629536,0.7575757575757576,0.9715073529411753,1200,111240,8
4,drum3,float,40,0.9536868156439039,0.7894736842105263,0.972360028348688,1200,111240,6
4,drum3,float,45,0.9577054980595813,0.7906976744186046,0.9727746212121215,1200,111240,4
4,drum3,float,50,0.9612614751897233,0.8095238095238095,0.9745808545159548,1200,111240,3
4,drum3,quantized_exact,5,0.8977701237848354,0.2,0.9530864197530861,1200,111240,1
4,drum3,quantized_exact,10,0.916489818079989,0.4444444444444444,0.9585006693440423,1200,111240,4
4,drum3,quantized_exact,15,0.9274742004269725,0.5714285714285714,0.9630818619582667,1200,111240,2
4,drum3,quantized_exact,20,0.9341517990807826,0.631578947368421,0.9653979238754316,1200,111240,6
4,drum3,quantized_exact,25,0.9399653381022955,0.6666666666666666,0.9677419354838707,1200,111240,5
4,drum3,quantized_exact,30,0.9449670525301656,0.7307692307692307,0.9689952904238617,1200,111240,5
4,drum3,quantized_exact,35,0.9494735767427415,0.7575757575757576,0.9715073529411753,1200,111240,8
4,drum3,quantized_exact,40,0.9536865808698368,0.7894736842105263,0.972360028348688,1200,111240,6
4,drum3,quantized_exact,45,0.9577036992542397,0.7906976744186046,0.9727746212121215,1200,111240,4
4,drum3,quantized_exact,50,0.9612617016556432,0.8095238095238095,0.9745808545159548,1200,111240,3
4,drum4,float,5,0.9451817324899195,0.4,0.9802197802197801,1200,111240,0
4,drum4,float,10,0.9546244734984966,0.6363636363636364,0.9806451612903228,1200,111240,0
4,drum4,float,15,0.9609730452245264,0.6923076923076923,0.9831460674157305,1200,111240,0
4,drum4,float,20,0.964341726573277,0.7647058823529411,0.9840830449826984,1200,111240,0
4,drum4,float,25,0.9676297533990502,0.782608695652174,0.9848558866634104,1200,111240,3
4,drum4,float,30,0.9703862070794681,0.8214285714285714,0.984913793103449,1200,111240,1
4,drum4,float,35,0.9728931050749527,0.8064516129032258,0.9864603481624756,1200,111240,2
4,drum4,float,40,0.9751533214445524,0.8378378378378378,0.9861927144535838,1200,111240,2
4,drum4,float,45,0.9773412604288717,0.868421052631579,0.9867860187553288,1200,111240,4
4,drum4,float,50,0.9792016795218461,0.8666666666666667,0.9877971807279614,1200,111240,0
4,drum4,quantized_exact,5,0.9451864284200102,0.4,0.9802197802197801,1200,111240,0
4,drum4,quantized_exact,10,0.9546225299048136,0.6363636363636364,0.9806451612903228,1200,111240,0
4,drum4,quantized_exact,15,0.9609720376001748,0.6923076923076923,0.9831460674157305,1200,111240,0
4,drum4,quantized_exact,20,0.9643432225628971,0.7647058823529411,0.9840830449826984,1200,111240,0
4,drum4,quantized_exact,25,0.9676313155192812,0.782608695652174,0.9848558866634104,1200,111240,3
4,drum4,quantized_exact,30,0.9703857017137584,0.8214285714285714,0.984913793103449,1200,111240,1
4,drum4,quantized_exact,35,0.9728943945807892,0.8064516129032258,0.9864603481624756,1200,111240,2
4,drum4,quantized_exact,40,0.9751552458405319,0.8378378378378378,0.9861927144535838,1200,111240,2
4,drum4,quantized_exact,45,0.9773422125412573,0.868421052631579,0.9867860187553288,1200,111240,4
4,drum4,quantized_exact,50,0.9792001732282843,0.8666666666666667,0.9877971807279614,1200,111240,0
4,drum6,float,5,0.985319570064563,0.6,1.0,1200,111240,0
4,drum6,float,10,0.9875834257432621,0.7777777777777778,0.9980000000000001,1200,111240,0
4,drum6,float,15,0.9892005725381338,0.8,0.9990732159406858,1200,111240,0
4,drum6,float,20,0.9900414699012197,0.8333333333333334,0.9977362761743067,1200,111240,1
4,drum6,float,25,0.9908083049034794,0.88,0.9976771196283389,1200,111240,1
4,drum6,float,30,0.9916381240084585,0.8928571428571429,0.9976666666666668,1200,111240,0
4,drum6,float,35,0.9922906275447048,0.9,0.997364953886693,1200,111240,0
4,drum6,float,40,0.9929474299859347,0.9117647058823529,0.9969999999999996,1200,111240,0
4,drum6,float,45,0.9935437759800279,0.925,0.9971804511278195,1200,111240,0
4,drum6,float,50,0.9940784686508103,0.9302325581395349,0.997873345935728,1200,111240,1
4,drum6,quantized_exact,5,0.9853232374248267,0.6,1.0,1200,111240,0
4,drum6,quantized_exact,10,0.9875858983967809,0.7777777777777778,0.9980000000000001,1200,111240,0
4,drum6,quantized_exact,15,0.9892036187586826,0.8,0.9990732159406858,1200,111240,0
4,drum6,quantized_exact,20,0.9900482123643699,0.8333333333333334,0.9977362761743067,1200,111240,1
4,drum6,quantized_exact,25,0.9908149729261815,0.88,0.9976771196283389,1200,111240,1
4,drum6,quantized_exact,30,0.9916359074483694,0.8928571428571429,0.9976666666666668,1200,111240,0
4,drum6,quantized_exact,35,0.9922885417516512,0.9,0.997364953886693,1200,111240,0
4,drum6,quantized_exact,40,0.9929472095348068,0.9117647058823529,0.9970521541950115,1200,111240,0
4,drum6,quantized_exact,45,0.9935463287241695,0.925,0.9971804511278195,1200,111240,0
4,drum6,quantized_exact,50,0.9940764758382822,0.9302325581395349,0.997873345935728,1200,111240,1
4,exact_int16,float,5,0.999965392519354,0.8,1.0,1200,111240,0
4,exact_int16,float,10,0.9999758877082076,0.8888888888888888,1.0,1200,111240,0
4,exact_int16,float,15,0.9999669788387398,0.9230769230769231,1.0,1200,111240,0
4,exact_int16,float,20,0.999969562619201,0.9411764705882353,1.0,1200,111240,0
4,exact_int16,float,25,0.9999699919683347,0.9523809523809523,1.0,1200,111240,0
4,exact_int16,float,30,0.9999751804130672,0.96,1.0,1200,111240,0
4,exact_int16,float,35,0.9999736970480299,0.9655172413793104,1.0,1200,111240,0
4,exact_int16,float,40,0.9999763271703607,0.9696969696969697,1.0,1200,111240,0
4,exact_int16,float,45,0.9999809953236138,0.9736842105263158,1.0,1200,111240,0
4,exact_int16,float,50,0.999979401432754,0.975609756097561,1.0,1200,111240,0
4,exact_int16,quantized_exact,5,1.0,1.0,1.0,1200,111240,0
4,exact_int16,quantized_exact,10,1.0,1.0,1.0,1200,111240,0
4,exact_int16,quantized_exact,15,1.0,1.0,1.0,1200,111240,0
4,exact_int16,quantized_exact,20,1.0,1.0,1.0,1200,111240,0
4,exact_int16,quantized_exact,25,1.0,1.0,1.0,1200,111240,0
4,exact_int16,quantized_exact,30,1.0,1.0,1.0,1200,111240,0
4,exact_int16,quantized_exact,35,1.0,1.0,1.0,1200,111240,0
4,exact_int16,quantized_exact,40,1.0,1.0,1.0,1200,111240,0
4,exact_int16,quantized_exact,45,1.0,1.0,1.0,1200,111240,0
4,exact_int16,quantized_exact,50,1.0,1.0,1.0,1200,111240,0
4,mitchell,float,5,0.9754613454183866,0.6,0.9979381443298969,1200,111240,0
4,mitchell,float,10,0.9793944842565709,0.7,0.9956043956043957,1200,111240,0
4,mitchell,float,15,0.9821459639144848,0.7692307692307693,0.9945652173913043,1200,111240,0
4,mitchell,float,20,0.9838311922473234,0.8235294117647058,0.9958477508650518,1200,111240,0
4,mitchell,float,25,0.9851367479444136,0.8333333333333334,0.9950716845878134,1200,111240,0
4,mitchell,float,30,0.9864003183368449,0.8620689655172413,0.99496336996337,1200,111240,1
4,mitchell,float,35,0.9875784900941165,0.9,0.9944005270092225,1200,111240,0
4,mitchell,float,40,0.9886823686417656,0.8947368421052632,0.9953183520599252,1200,111240,0
4,mitchell,float,45,0.9896696253254711,0.8918918918918919,0.9951111111111105,1200,111240,0
4,mitchell,float,50,0.9904610399862016,0.8958333333333334,0.9956095041322315,1200,111240,0
4,mitchell,quantized_exact,5,0.9754637399528281,0.6,0.9979381443298969,1200,111240,0
4,mitchell,quantized_exact,10,0.9793995782951758,0.7,0.9956043956043957,1200,111240,0
4,mitchell,quantized_exact,15,0.9821526323839457,0.7692307692307693,0.9945652173913043,1200,111240,0
4,mitchell,quantized_exact,20,0.9838285633390834,0.8235294117647058,0.9958477508650518,1200,111240,0
4,mitchell,quantized_exact,25,0.9851355231651279,0.8333333333333334,0.9950716845878134,1200,111240,0
4,mitchell,quantized_exact,30,0.9863987220573381,0.8620689655172413,0.99496336996337,1200,111240,1
4,mitchell,quantized_exact,35,0.9875789748461782,0.9,0.9944005270092225,1200,111240,0
4,mitchell,quantized_exact,40,0.9886826403637362,0.8947368421052632,0.9953183520599252,1200,111240,0
4,mitchell,quantized_exact,45,0.9896682993246371,0.8918918918918919,0.9951111111111105,1200,111240,0
4,mitchell,quantized_exact,50,0.990461154339145,0.8958333333333334,0.9956095041322315,1200,111240,0
5,dlzs_comp_k,float,5,0.9540659950486973,0.16666666666666666,0.997979797979798,1200,111240,0
5,dlzs_comp_k,float,10,0.9603742064729885,0.5,1.0,1200,111240,0
5,dlzs_comp_k,float,15,0.9491366400010535,0.6,0.9724025974025978,1200,111240,0
5,dlzs_comp_k,float,20,0.9471769832614089,0.5789473684210527,0.9705000000000007,1200,111240,0
5,dlzs_comp_k,float,25,0.9478091687528022,0.6666666666666666,0.9711720226843107,1200,111240,0
5,dlzs_comp_k,float,30,0.9494243173687554,0.7037037037037037,0.9723333333333337,1200,111240,0
5,dlzs_comp_k,float,35,0.9517374593910108,0.6875,0.9721407624633436,1200,111240,0
5,dlzs_comp_k,float,40,0.9541260765858138,0.75,0.9757499999999993,1200,111240,0
5,dlzs_comp_k,float,45,0.9567612543541124,0.775,0.9759036144578308,1200,111240,0
5,dlzs_comp_k,float,50,0.9593373211494617,0.782608695652174,0.9755555555555554,1200,111240,0
5,dlzs_comp_k,quantized_exact,5,0.9540646036219673,0.16666666666666666,0.997979797979798,1200,111240,0
5,dlzs_comp_k,quantized_exact,10,0.96037520781463,0.5,1.0,1200,111240,0
5,dlzs_comp_k,quantized_exact,15,0.949134447037579,0.6,0.9724025974025978,1200,111240,0
5,dlzs_comp_k,quantized_exact,20,0.9471760251839779,0.5789473684210527,0.9705000000000007,1200,111240,0
5,dlzs_comp_k,quantized_exact,25,0.9478127582507561,0.6666666666666666,0.9711720226843107,1200,111240,0
5,dlzs_comp_k,quantized_exact,30,0.9494248989836734,0.7037037037037037,0.9723333333333337,1200,111240,0
5,dlzs_comp_k,quantized_exact,35,0.9517361823314517,0.6875,0.9721407624633436,1200,111240,0
5,dlzs_comp_k,quantized_exact,40,0.9541272589534674,0.75,0.9757499999999993,1200,111240,0
5,dlzs_comp_k,quantized_exact,45,0.9567621214675679,0.775,0.9759036144578308,1200,111240,0
5,dlzs_comp_k,quantized_exact,50,0.9593361737778203,0.782608695652174,0.9755555555555554,1200,111240,0
5,dlzs_comp_q,float,5,0.9666406593472857,0.0,1.0,1200,111240,0
5,dlzs_comp_q,float,10,0.9703384145369466,0.4,1.0,1200,111240,0
5,dlzs_comp_q,float,15,0.9683572773581487,0.6875,0.987577639751553,1200,111240,0
5,dlzs_comp_q,float,20,0.9690493780534507,0.6666666666666666,0.9839816933638439,1200,111240,0
5,dlzs_comp_q,float,25,0.9701053765277436,0.7727272727272727,0.9835390946502053,1200,111240,2
5,dlzs_comp_q,float,30,0.9715866093555898,0.7777777777777778,0.9826506024096382,1200,111240,0
5,dlzs_comp_q,float,35,0.9732422303948988,0.8235294117647058,0.9836805555555556,1200,111240,0
5,dlzs_comp_q,float,40,0.9749104565399254,0.8333333333333334,0.9839015151515157,1200,111240,0
5,dlzs_comp_q,float,45,0.9764933738884728,0.8409090909090909,0.9846491228070171,1200,111240,0
5,dlzs_comp_q,float,50,0.9780057542456961,0.8372093023255814,0.9865168539325831,1200,111240,0
5,dlzs_comp_q,quantized_exact,5,0.966643574897795,0.0,1.0,1200,111240,0
5,dlzs_comp_q,quantized_exact,10,0.9703386520285162,0.4,1.0,1200,111240,0
5,dlzs_comp_q,quantized_exact,15,0.9683586305427458,0.6875,0.987577639751553,1200,111240,0
5,dlzs_comp_q,quantized_exact,20,0.9690512765489567,0.6666666666666666,0.9839816933638439,1200,111240,0
5,dlzs_comp_q,quantized_exact,25,0.9701028389051297,0.7727272727272727,0.9835390946502053,1200,111240,2
5,dlzs_comp_q,quantized_exact,30,0.97158572218287,0.7777777777777778,0.9826506024096382,1200,111240,0
5,dlzs_comp_q,quantized_exact,35,0.9732417014577318,0.8235294117647058,0.9836805555555556,1200,111240,0
5,dlzs_comp_q,quantized_exact,40,0.9749120381601155,0.8333333333333334,0.9839015151515157,1200,111240,0
5,dlzs_comp_q,quantized_exact,45,0.9764949875365585,0.8409090909090909,0.984464172479391,1200,111240,0
5,dlzs_comp_q,quantized_exact,50,0.9780050409148078,0.8372093023255814,0.9865168539325831,1200,111240,0
5,dlzs_snap_k,float,5,0.9186393438226496,0.16666666666666666,0.995505617977528,1200,111240,0
5,dlzs_snap_k,float,10,0.9294956541212933,0.3,0.9987515605493134,1200,111240,0
5,dlzs_snap_k,float,15,0.9111309559730675,0.42857142857142855,0.9479813664596277,1200,111240,1
5,dlzs_snap_k,float,20,0.906562094743478,0.5,0.9496124031007742,1200,111240,0
5,dlzs_snap_k,float,25,0.9072479641485264,0.5416666666666666,0.9471458773784347,1200,111240,0
5,dlzs_snap_k,float,30,0.9096174194546692,0.6,0.9452674897119332,1200,111240,1
5,dlzs_snap_k,float,35,0.9131645788457354,0.5757575757575758,0.948340548340547,1200,111240,0
5,dlzs_snap_k,float,40,0.9171738391713817,0.6190476190476191,0.9507441530829185,1200,111240,0
5,dlzs_snap_k,float,45,0.9215996070091118,0.6923076923076923,0.954977805960684,1200,111240,0
5,dlzs_snap_k,float,50,0.9260852452668248,0.6976744186046512,0.9543650793650789,1200,111240,0
5,dlzs_snap_k,quantized_exact,5,0.918645399149565,0.16666666666666666,0.995505617977528,1200,111240,0
5,dlzs_snap_k,quantized_exact,10,0.9294925261992683,0.3,0.9987515605493134,1200,111240,0
5,dlzs_snap_k,quantized_exact,15,0.9111289431583691,0.42857142857142855,0.9479813664596277,1200,111240,1
5,dlzs_snap_k,quantized_exact,20,0.9065624851469132,0.5,0.9496124031007742,1200,111240,0
5,dlzs_snap_k,quantized_exact,25,0.907247618040877,0.5416666666666666,0.9471458773784347,1200,111240,0
5,dlzs_snap_k,quantized_exact,30,0.9096195872977989,0.6,0.9452674897119332,1200,111240,1
5,dlzs_snap_k,quantized_exact,35,0.9131665816738248,0.5757575757575758,0.948340548340547,1200,111240,0
5,dlzs_snap_k,quantized_exact,40,0.917172686031635,0.6190476190476191,0.9507441530829185,1200,111240,0
5,dlzs_snap_k,quantized_exact,45,0.9216003440958315,0.6923076923076923,0.954977805960684,1200,111240,0
5,dlzs_snap_k,quantized_exact,50,0.9260865602546269,0.6976744186046512,0.9543650793650789,1200,111240,0
5,dlzs_snap_q,float,5,0.9382229627270747,0.0,0.9978494623655914,1200,111240,0
5,dlzs_snap_q,float,10,0.9451320562817777,0.3333333333333333,0.9956521739130434,1200,111240,0
5,dlzs_snap_q,float,15,0.9427906333275194,0.5,0.967003367003367,1200,111240,0
5,dlzs_snap_q,float,20,0.9440069690100432,0.5555555555555556,0.9664545980335449,1200,111240,1
5,dlzs_snap_q,float,25,0.9458830075190557,0.625,0.9625668449197854,1200,111240,0
5,dlzs_snap_q,float,30,0.9485503565238596,0.6896551724137931,0.9666666666666659,1200,111240,0
5,dlzs_snap_q,float,35,0.9514546826524068,0.7333333333333333,0.9666666666666669,1200,111240,1
5,dlzs_snap_q,float,40,0.9543331747147596,0.75,0.9708193041526368,1200,111240,0
5,dlzs_snap_q,float,45,0.9573381172353658,0.7692307692307693,0.9713423831070882,1200,111240,0
5,dlzs_snap_q,float,50,0.9600905148004026,0.7959183673469388,0.9719191919191916,1200,111240,0
5,dlzs_snap_q,quantized_exact,5,0.9382317128739703,0.0,0.9978494623655914,1200,111240,0
5,dlzs_snap_q,quantized_exact,10,0.9451249851930684,0.3333333333333333,0.9956521739130434,1200,111240,0
5,dlzs_snap_q,quantized_exact,15,0.9427890845229698,0.5,0.967003367003367,1200,111240,0
5,dlzs_snap_q,quantized_exact,20,0.9440108715848252,0.5555555555555556,0.9664545980335449,1200,111240,1
5,dlzs_snap_q,quantized_exact,25,0.9458827116072382,0.625,0.9625668449197854,1200,111240,0
5,dlzs_snap_q,quantized_exact,30,0.9485506663958078,0.6896551724137931,0.9666666666666659,1200,111240,0
5,dlzs_snap_q,quantized_exact,35,0.9514530947644427,0.7333333333333333,0.9666666666666669,1200,111240,1
5,dlzs_snap_q,quantized_exact,40,0.9543352332886595,0.75,0.9708193041526368,1200,111240,0
5,dlzs_snap_q,quantized_exact,45,0.9573358752032542,0.7692307692307693,0.9713423831070882,1200,111240,0
5,dlzs_snap_q,quantized_exact,50,0.9600925017496691,0.7959183673469388,0.9719191919191916,1200,111240,0
5,drum3,float,5,0.9426390126614008,0.2,1.0,1200,111240,2
5,drum3,float,10,0.9503127541621536,0.4444444444444444,0.9989130434782609,1200,111240,1
5,drum3,float,15,0.940761076396574,0.46153846153846156,0.9683441558441561,1200,111240,2
5,drum3,float,20,0.9396690017762132,0.5,0.9642857142857133,1200,111240,4
5,drum3,float,25,0.9407975941787521,0.625,0.9624242424242418,1200,111240,12
5,drum3,float,30,0.9429249217435385,0.6428571428571429,0.9683950617283945,1200,111240,4
5,drum3,float,35,0.9459397998278405,0.6764705882352942,0.9684657368101868,1200,111240,6
5,drum3,float,40,0.9488691636242599,0.7073170731707317,0.9711751662971171,1200,111240,5
5,drum3,float,45,0.9517958537651856,0.6923076923076923,0.970081790787775,1200,111240,5
5,drum3,float,50,0.9546494494535246,0.6976744186046512,0.9702995867768599,1200,111240,11
5,drum3,quantized_exact,5,0.942637943496015,0.2,1.0,1200,111240,2
5,drum3,quantized_exact,10,0.9503111655983414,0.4444444444444444,0.9989130434782609,1200,111240,1
5,drum3,quantized_exact,15,0.9407552958224941,0.46153846153846156,0.9683441558441561,1200,111240,2
5,drum3,quantized_exact,20,0.9396702833561597,0.5,0.9649859943977581,1200,111240,4
5,drum3,quantized_exact,25,0.9407996861281136,0.625,0.9624242424242418,1200,111240,12
5,drum3,quantized_exact,30,0.9429207648642383,0.6428571428571429,0.9683950617283945,1200,111240,4
5,drum3,quantized_exact,35,0.9459428046107384,0.6764705882352942,0.9684657368101868,1200,111240,6
5,drum3,quantized_exact,40,0.9488676860933104,0.7073170731707317,0.9711751662971171,1200,111240,5
5,drum3,quantized_exact,45,0.9517971311828599,0.6923076923076923,0.970081790787775,1200,111240,5
5,drum3,quantized_exact,50,0.9546508443174707,0.6976744186046512,0.9702995867768599,1200,111240,11
5,drum4,float,5,0.9693205590478281,0.4,1.0,1200,111240,0
5,drum4,float,10,0.9735781839856069,0.6,1.0,1200,111240,0
5,drum4,float,15,0.9678669493600183,0.6923076923076923,0.9840277777777776,1200,111240,0
5,drum4,float,20,0.9673267715439007,0.6842105263157895,0.9845938375350135,1200,111240,3
5,drum4,float,25,0.9679171674534094,0.7391304347826086,0.9848372781065097,1200,111240,1
5,drum4,float,30,0.969277490598929,0.7777777777777778,0.9832098765432099,1200,111240,3
5,drum4,float,35,0.9709230971974482,0.7419354838709677,0.9836264402668278,1200,111240,0
5,drum4,float,40,0.9724551766228731,0.8108108108108109,0.9841093865484105,1200,111240,2
5,drum4,float,45,0.9741748821374695,0.8421052631578947,0.9837104072398186,1200,111240,0
5,drum4,float,50,0.9755991097478109,0.86,0.985062066063539,1200,111240,5
5,drum4,quantized_exact,5,0.9693145378889642,0.4,1.0,1200,111240,0
5,drum4,quantized_exact,10,0.9735801925701488,0.6,1.0,1200,111240,0
5,drum4,quantized_exact,15,0.9678653864166904,0.6923076923076923,0.9840277777777776,1200,111240,0
5,drum4,quantized_exact,20,0.9673244441711559,0.6842105263157895,0.9845938375350135,1200,111240,3
5,drum4,quantized_exact,25,0.9679158399381432,0.7391304347826086,0.9848372781065097,1200,111240,1
5,drum4,quantized_exact,30,0.9692793672467396,0.7777777777777778,0.9832098765432099,1200,111240,3
5,drum4,quantized_exact,35,0.9709244787336939,0.7419354838709677,0.9836264402668278,1200,111240,0
5,drum4,quantized_exact,40,0.9724572163493296,0.8108108108108109,0.9841093865484105,1200,111240,2
5,drum4,quantized_exact,45,0.974177735597069,0.8421052631578947,0.9837104072398186,1200,111240,0
5,drum4,quantized_exact,50,0.9755999706639051,0.86,0.985062066063539,1200,111240,5
5,drum6,float,5,0.9917352158320212,0.6,1.0,1200,111240,0
5,drum6,float,10,0.9930862498561366,0.7777777777777778,1.0,1200,111240,0
5,drum6,float,15,0.9910789719579475,0.8461538461538461,0.9981900452488687,1200,111240,0
5,drum6,float,20,0.9908358488102226,0.85,0.9981060606060606,1200,111240,0
5,drum6,float,25,0.9909530940739182,0.8636363636363636,0.9970688812896924,1200,111240,0
5,drum6,float,30,0.9913334283794524,0.8846153846153846,0.9977106227106227,1200,111240,0
5,drum6,float,35,0.9916880965229761,0.8666666666666667,0.9973760932944606,1200,111240,0
5,drum6,float,40,0.9922298655171837,0.9142857142857143,0.9967685076380728,1200,111240,0
5,drum6,float,45,0.9926046473564382,0.918918918918919,0.9969969969969971,1200,111240,1
5,drum6,float,50,0.9931019399978499,0.92,0.9983999999999998,1200,111240,0
5,drum6,quantized_exact,5,0.9917375369644492,0.6,1.0,1200,111240,0
5,drum6,quantized_exact,10,0.9930886740665543,0.7777777777777778,1.0,1200,111240,0
5,drum6,quantized_exact,15,0.9910780171767931,0.8461538461538461,0.9981900452488687,1200,111240,0
5,drum6,quantized_exact,20,0.9908396028570284,0.85,0.9981060606060606,1200,111240,0
5,drum6,quantized_exact,25,0.9909528656143048,0.8636363636363636,0.9970688812896924,1200,111240,0
5,drum6,quantized_exact,30,0.9913353157623472,0.8846153846153846,0.9977106227106227,1200,111240,0
5,drum6,quantized_exact,35,0.9916884429130391,0.8666666666666667,0.9973760932944606,1200,111240,0
5,drum6,quantized_exact,40,0.992228775455332,0.9142857142857143,0.9967685076380728,1200,111240,0
5,drum6,quantized_exact,45,0.9926036019660628,0.918918918918919,0.9969969969969971,1200,111240,1
5,drum6,quantized_exact,50,0.9931030599491343,0.92,0.9983999999999998,1200,111240,0
5,exact_int16,float,5,0.9999647025595717,0.8,1.0,1200,111240,0
5,exact_int16,float,10,0.9999795985217212,0.8888888888888888,1.0,1200,111240,0
5,exact_int16,float,15,0.9999702123114343,0.9230769230769231,1.0,1200,111240,0
5,exact_int16,float,20,0.9999721441073317,0.9411764705882353,1.0,1200,111240,0
5,exact_int16,float,25,0.9999715090348311,0.9523809523809523,1.0,1200,111240,0
5,exact_int16,float,30,0.9999742608733571,0.96,1.0,1200,111240,0
5,exact_int16,float,35,0.9999753858119872,0.9655172413793104,1.0,1200,111240,0
5,exact_int16,float,40,0.9999784244842344,0.9696969696969697,1.0,1200,111240,0
5,exact_int16,float,45,0.9999822846674962,0.972972972972973,1.0,1200,111240,0
5,exact_int16,float,50,0.9999813820057815,0.975609756097561,1.0,1200,111240,0
5,exact_int16,quantized_exact,5,1.0,1.0,1.0,1200,111240,0
5,exact_int16,quantized_exact,10,1.0,1.0,1.0,1200,111240,0
5,exact_int16,quantized_exact,15,1.0,1.0,1.0,1200,111240,0
5,exact_int16,quantized_exact,20,1.0,1.0,1.0,1200,111240,0
5,exact_int16,quantized_exact,25,1.0,1.0,1.0,1200,111240,0
5,exact_int16,quantized_exact,30,1.0,1.0,1.0,1200,111240,0
5,exact_int16,quantized_exact,35,1.0,1.0,1.0,1200,111240,0
5,exact_int16,quantized_exact,40,1.0,1.0,1.0,1200,111240,0
5,exact_int16,quantized_exact,45,1.0,1.0,1.0,1200,111240,0
5,exact_int16,quantized_exact,50,1.0,1.0,1.0,1200,111240,0
5,mitchell,float,5,0.9872460067855662,0.6,1.0,1200,111240,0
5,mitchell,float,10,0.9887841898665253,0.6666666666666666,1.0,1200,111240,0
5,mitchell,float,15,0.9856007451781029,0.8,0.9953416149068325,1200,111240,0
5,mitchell,float,20,0.9850171419115448,0.7894736842105263,0.9937716262975776,1200,111240,0
5,mitchell,float,25,0.9851545600182396,0.8333333333333334,0.9947753396029259,1200,111240,0
5,mitchell,float,30,0.9857848163735864,0.8666666666666667,0.9941739492301288,1200,111240,0
5,mitchell,float,35,0.9865311692639208,0.8787878787878788,0.993401759530792,1200,111240,0
5,mitchell,float,40,0.987251770309572,0.8823529411764706,0.9943302622253718,1200,111240,1
5,mitchell,float,45,0.9879999502754381,0.8837209302325582,0.9936651583710406,1200,111240,0
5,mitchell,float,50,0.9886969811180594,0.8979591836734694,0.9940476190476192,1200,111240,0
5,mitchell,quantized_exact,5,0.9872487506777929,0.6,1.0,1200,111240,0
5,mitchell,quantized_exact,10,0.9887859630217607,0.6666666666666666,1.0,1200,111240,0
5,mitchell,quantized_exact,15,0.9855986922197099,0.8,0.9953416149068325,1200,111240,0
5,mitchell,quantized_exact,20,0.9850192870739223,0.7894736842105263,0.9937716262975776,1200,111240,0
5,mitchell,quantized_exact,25,0.9851599684620945,0.8333333333333334,0.9947753396029259,1200,111240,0
5,mitchell,quantized_exact,30,0.985785353849462,0.8666666666666667,0.9941739492301288,1200,111240,0
5,mitchell,quantized_exact,35,0.9865313735917239,0.8787878787878788,0.993401759530792,1200,111240,0
5,mitchell,quantized_exact,40,0.9872519345263636,0.8823529411764706,0.9943302622253718,1200,111240,1
5,mitchell,quantized_exact,45,0.9879962410833127,0.8837209302325582,0.9936651583710406,1200,111240,0
5,mitchell,quantized_exact,50,0.9886965105820585,0.8979591836734694,0.9940476190476192,1200,111240,0
